# V4 2D basket call-on-minimum — DPG vs Monte Carlo benchmark (ATM, K=100)
# sigma1=0.2 sigma2=0.2 r=0.05 T=1.0 S1_0=100.0 S2_0=100.0 K=100.0 N_t=500
# MC: 2,000,000 paths, 252 steps, seed=42
# Note: DPG uses L2(0) trial; PRICE_ATM = average of 4 elements
#       equidistant from (0,0). Error is O(h) in the cell size.
N_x,N_y,h,rho,DPG_price,MC_price,MC_se,abs_error,rel_error,in_2sigma_CI,solve_time_s
32,32,0.1875,0.0,4.1590266056,3.2971711119947136,0.004951429307486921,0.8618554936052867,0.2613924071061886,False,58.187341036
64,64,0.09375,0.0,3.6509710417,3.2971711119947136,0.004951429307486921,0.3537999297052865,0.10730408513474013,False,282.23300652
32,32,0.1875,0.5,5.5267775592,5.387383060956819,0.006979700012053855,0.13939449824318118,0.025874250385756716,False,37.426897432
64,64,0.09375,0.5,5.5642825767,5.387383060956819,0.006979700012053855,0.1768995157431812,0.032835889659526676,False,105.72505265
