x,S,u_h,u_exact,error
-6,0.2478752177,0,2.810039747e-196,2.810039747e-196
-5.9,0.2739444819,1.145162836e-36,7.779340968e-190,1.145162836e-36
-5.8,0.3027554745,-5.597533381e-35,1.678227168e-183,5.597533381e-35
-5.7,0.3345965457,3.549737615e-34,2.821272304e-177,3.549737615e-34
-5.6,0.3697863716,-1.388157943e-33,3.696023829e-171,1.388157943e-33
-5.5,0.4086771438,3.334629059e-33,3.77337262e-165,3.334629059e-33
-5.4,0.4516580943,1.092471926e-34,3.002202646e-159,1.092471926e-34
-5.3,0.4991593907,-5.0701048e-32,1.861557536e-153,5.0701048e-32
-5.2,0.5516564421,3.104029179e-31,8.996020948e-148,3.104029179e-31
-5.1,0.6096746566,-1.13959575e-30,3.388238931e-142,1.13959575e-30
-5,0.6737946999,2.277059928e-30,9.946262687e-137,2.277059928e-30
-4.9,0.7446583071,3.362391177e-30,2.275734879e-131,3.362391177e-30
-4.8,0.8229747049,-5.471168069e-29,4.058575187e-126,5.471168069e-29
-4.7,0.9095277102,2.779971872e-28,5.641972407e-121,2.779971872e-28
-4.6,1.005183574,-8.328943166e-28,6.11378226e-116,8.328943166e-28
-4.5,1.110899654,7.311174842e-28,5.164495431e-111,7.311174842e-28
-4.4,1.22773399,8.346844349e-27,3.400972902e-106,8.346844349e-27
-4.3,1.356855901,-6.01598237e-26,1.746045143e-101,6.01598237e-26
-4.2,1.499557682,2.235320347e-25,6.988851852e-97,2.235320347e-25
-4.1,1.65726754,-3.745157999e-25,2.181106236e-92,3.745157999e-25
-4,1.831563889,-1.27436451e-24,5.307531925e-88,1.27436451e-24
-3.9,2.024191145,1.30310502e-23,1.007115364e-83,1.30310502e-23
-3.8,2.237077186,-5.411975256e-23,1.490268863e-79,5.411975256e-23
-3.7,2.472352647,1.022836307e-22,1.719804264e-75,1.022836307e-22
-3.6,2.732372245,2.702254986e-22,1.547943198e-71,2.702254986e-22
-3.5,3.019738342,-3.07804265e-21,1.086745722e-67,3.07804265e-21
-3.4,3.337326996,1.255262758e-20,5.951632315e-64,1.255262758e-20
-3.3,3.68831674,-1.943072488e-20,2.542852337e-60,1.943072488e-20
-3.2,4.076220398,-9.3840442e-20,8.476732666e-57,9.3840442e-20
-3.1,4.504920239,7.995655756e-19,2.204995616e-53,7.995655756e-19
-3,4.978706837,-2.655154591e-18,4.476238312e-50,2.655154591e-18
-2.9,5.502322006,8.188892194e-19,7.09258521e-47,8.188892194e-19
-2.8,6.081006263,3.837646525e-17,8.772987987e-44,3.837646525e-17
-2.7,6.720551274,-2.024043891e-16,8.472561333e-41,2.024043891e-16
-2.6,7.427357821,3.575697515e-16,6.3897901e-38,3.575697515e-16
-2.5,8.208499862,1.605010035e-15,3.764026232e-35,1.605010035e-15
-2.4,9.071795329,-1.328495061e-14,1.73225875e-32,1.328495061e-14
-2.3,10.02588437,3.327620297e-14,6.229868727e-30,3.327620297e-14
-2.2,11.08031584,7.603235651e-14,1.751366297e-27,7.603235651e-14
-2.1,12.24564283,-8.8175447e-13,3.84989947e-25,8.8175447e-13
-2,13.53352832,2.300566209e-12,6.619996218e-23,2.300566209e-12
-1.9,14.95686192,6.18504484e-12,8.908129636e-21,6.185044831e-12
-1.8,16.52988882,-6.308243351e-11,9.385284667e-19,6.308243445e-11
-1.7,18.26835241,1.12022103e-10,7.746131299e-17,1.120220256e-10
-1.6,20.1896518,7.663330359e-10,5.01167089e-15,7.663280242e-10
-1.5,22.31301601,-4.360860184e-09,2.543737926e-13,4.361114558e-09
-1.4,24.65969639,-2.455493945e-09,1.013783335e-11,2.465631778e-09
-1.3,27.2531793,8.930572846e-08,3.175884904e-10,8.898813997e-08
-1.2,30.11942119,-1.29967821e-07,7.830442287e-09,1.377982632e-07
-1.1,33.28710837,-1.613209304e-06,1.521878272e-07,1.765397131e-06
-1,36.78794412,4.376333029e-06,2.335942842e-06,2.040390187e-06
-0.9,40.65696597,3.392051332e-05,2.838166529e-05,5.538848028e-06
-0.8,44.93289641,-8.830213991e-05,0.0002737507889,0.0003620529288
-0.7,49.65853038,-0.0009619733948,0.002103689093,0.003065662488
-0.6,54.88116361,-0.0001294507291,0.0129390166,0.01306846733
-0.5,60.65306597,0.02800766996,0.06406921157,0.03606154161
-0.4,67.0320046,0.1874897405,0.2573246347,0.0698348942
-0.3,74.08182207,0.7479424569,0.8464163057,0.09847384882
-0.2,81.87307531,2.203501093,2.308411334,0.1049102413
-0.1,90.4837418,5.208782685,5.301701951,0.09291926599
0,100,10.36646235,10.45058357,0.08412121722
0.1,110.5170918,17.98847737,18.07614069,0.0876633228
0.2,122.1402758,28.0156474,28.10415342,0.08850601454
0.3,134.9858808,40.15602382,40.22809935,0.07207552403
0.4,149.1824698,54.11573224,54.16000784,0.04427559902
0.5,164.8721271,69.7510055,69.77161121,0.02060571215
0.6,182.21188,87.08472877,87.09296729,0.008238525936
0.7,201.3752707,106.2485819,106.2529078,0.004325908533
0.8,222.5540928,127.4273434,127.4312168,0.003873375344
0.9,245.9603111,150.8331591,150.8373747,0.004215586749
1,271.8281828,176.7005868,176.7052408,0.004653997118
1.1,300.4166024,205.2885304,205.29366,0.005129615395
1.2,332.0116923,236.8830939,236.8887498,0.005655969125
1.3,366.9296668,271.8004859,271.8067243,0.0062383981
1.4,405.5199967,310.3901722,310.3970542,0.006882011857
1.5,448.168907,353.0383713,353.0459646,0.007593287115
1.6,495.3032424,400.1719206,400.1803,0.008379375335
1.7,547.3947392,452.2625486,452.2717967,0.009248137513
1.8,604.9647464,509.8315957,509.841804,0.01020826776
1.9,668.5894442,573.4552324,573.4665018,0.01126937583
2,738.9056099,643.7702254,643.7826674,0.01244208161
2.1,816.6169913,721.4803107,721.4940488,0.01373812192
2.2,902.5013499,807.363237,807.3784075,0.01517046802
2.3,997.4182455,902.2785496,902.295303,0.01675345526
2.4,1102.317638,1007.176193,1007.194696,0.01850292677
2.5,1218.249396,1123.106017,1123.126454,0.02043639181
2.6,1346.373804,1251.228288,1251.250861,0.02257320118
2.7,1487.973172,1392.825295,1392.85023,0.0249347407
2.8,1644.464677,1549.31419,1549.341735,0.02754464542
2.9,1817.414537,1722.261165,1722.291594,0.03042903621
3,2008.553692,1913.397133,1913.43075,0.03361678116
3.1,2219.795128,2124.635046,2124.672186,0.03713978406
3.2,2453.25302,2358.089044,2358.130077,0.04103330438
3.3,2711.263892,2616.095613,2616.14095,0.04533630995
3.4,2996.410005,2901.23697,2901.287062,0.05009186641
3.5,3311.545196,3216.366906,3216.422253,0.05534756905
3.6,3659.823444,3564.639346,3564.700502,0.06115601873
3.7,4044.730436,3949.539918,3949.607494,0.06757534856
3.8,4470.118449,4374.920837,4374.995507,0.07466980518
3.9,4940.244911,4845.039458,4845.121968,0.08251039258
4,5459.815003,5364.600885,5364.692061,0.09117558171
4.1,6034.02876,5938.805065,5938.905817,0.100752097
4.2,6668.633104,6573.398826,6573.510162,0.1113357828
4.3,7369.97937,7274.733395,7274.856428,0.1230325643
4.4,8145.086866,8049.827965,8049.963924,0.1359595068
4.5,9001.71313,8906.439942,8906.590188,0.1502459886
4.6,9948.431564,9853.142587,9853.308622,0.1660349924
4.7,10994.71725,10899.41082,10899.5943,0.1834845373
4.8,12151.04175,12055.71604,12055.91881,0.2027692724
4.9,13428.97797,13333.63094,13333.85503,0.224082249
5,14841.31591,14745.94533,14746.19297,0.2476365782
5.1,16402.19073,16306.79412,16307.06779,0.2736671376
5.2,18127.22419,18031.79881,18032.10125,0.3024385026
5.3,20033.681,19938.22379,19938.55806,0.3342641311
5.4,22140.64162,22045.14925,22045.51868,0.3694261495
5.5,24469.19323,24373.66285,24374.07028,0.4074301034
5.6,27042.64074,26947.07354,26947.5178,0.4442645397
5.7,29886.7401,29791.15091,29791.61715,0.4662450742
5.8,33029.95599,32934.39183,32934.83305,0.4412206368
5.9,36503.74679,36408.31171,36408.62384,0.3121360952
6,40342.87935,40247.75641,40247.75641,0
