z,S_equivalent,u,u_z,sigma
-1.9800000000,nan,1.9993011980,0.0000000000,0.05
-1.9600000000,nan,1.9993011980,0.0000000000,0.05
-1.9400000000,nan,1.9993011980,0.0000000000,0.05
-1.9200000000,nan,1.9993011980,0.0000000000,0.05
-1.9000000000,nan,1.9993011980,0.0000000000,0.05
-1.8800000000,nan,1.9993011980,0.0000000000,0.05
-1.8600000000,nan,1.9993011980,0.0000000000,0.05
-1.8400000000,nan,1.9993011980,-0.0000000000,0.05
-1.8200000000,nan,1.9993011980,-0.0000000000,0.05
-1.8000000000,nan,1.9993011980,-0.0000000000,0.05
-1.7800000000,nan,1.9993011980,-0.0000000000,0.05
-1.7600000000,nan,1.9993011980,-0.0000000001,0.05
-1.7400000000,nan,1.9993011980,-0.0000000004,0.05
-1.7200000000,nan,1.9993011980,-0.0000000016,0.05
-1.7000000000,nan,1.9993011980,-0.0000000055,0.05
-1.6800000000,nan,1.9993011980,-0.0000000181,0.05
-1.6600000000,nan,1.9993011980,-0.0000000572,0.05
-1.6400000000,nan,1.9993011960,-0.0000001724,0.05
-1.6200000000,nan,1.9993011910,-0.0000004960,0.05
-1.6000000000,nan,1.9993011760,-0.0000013658,0.05
-1.5800000000,nan,1.9993011360,-0.0000036023,0.05
-1.5600000000,nan,1.9993010320,-0.0000091098,0.05
-1.5400000000,nan,1.9993007720,-0.0000221083,0.05
-1.5200000000,nan,1.9993001480,-0.0000515283,0.05
-1.5000000000,nan,1.9992987110,-0.0001154180,0.05
-1.4800000000,nan,1.9992955310,-0.0002485997,0.05
-1.4600000000,nan,1.9992887670,-0.0005151852,0.05
-1.4400000000,nan,1.9992749240,-0.0010277242,0.05
-1.4200000000,nan,1.9992476580,-0.0019744144,0.05
-1.4000000000,nan,1.9991959470,-0.0036545536,0.05
-1.3800000000,nan,1.9991014760,-0.0065199238,0.05
-1.3600000000,nan,1.9989351500,-0.0112159822,0.05
-1.3400000000,nan,1.9986528360,-0.0186120591,0.05
-1.3200000000,nan,1.9981906680,-0.0298054683,0.05
-1.3000000000,nan,1.9974606180,-0.0460824894,0.05
-1.2800000000,nan,1.9963473680,-0.0688218870,0.05
-1.2600000000,nan,1.9947077420,-0.0993356746,0.05
-1.2400000000,nan,1.9923739410,-0.1386571690,0.05
-1.2200000000,nan,1.9891614550,-0.1873053037,0.05
-1.2000000000,nan,1.9848817290,-0.2450712561,0.05
-1.1800000000,nan,1.9793586050,-0.3108818540,0.05
-1.1600000000,nan,1.9724464550,-0.3827881807,0.05
-1.1400000000,nan,1.9640470780,-0.4581054657,0.05
-1.1200000000,nan,1.9541222360,-0.5336957331,0.05
-1.1000000000,nan,1.9426992480,-0.6063473151,0.05
-1.0800000000,nan,1.9298683440,-0.6731773191,0.05
-1.0600000000,nan,1.9157721560,-0.7319745513,0.05
-1.0400000000,nan,1.9005893620,-0.7814150200,0.05
-1.0200000000,nan,1.8845155550,-0.8211154988,0.05
-1.0000000000,nan,1.8677447420,-0.8515316908,0.05
-0.9800000000,nan,1.8504542870,-0.8737430001,0.05
-0.9600000000,nan,1.8327950220,-0.8891854606,0.05
-0.9400000000,nan,1.8148868690,-0.8993944966,0.05
-0.9200000000,nan,1.7968192420,-0.9058030662,0.05
-0.9000000000,nan,1.7786547460,-0.9096167082,0.05
-0.8800000000,nan,1.7604345730,-0.9117641210,0.05
-0.8600000000,nan,1.7421841810,-0.9129058234,0.05
-0.8400000000,nan,1.7239183400,-0.9134774694,0.05
-0.8200000000,nan,1.7056450830,-0.9137462500,0.05
-0.8000000000,nan,1.6873684900,-0.9138644751,0.05
-0.7800000000,nan,1.6690905040,-0.9139128617,0.05
-0.7600000000,nan,1.6508119760,-0.9139312763,0.05
-0.7400000000,nan,1.6325332530,-0.9139376617,0.05
-0.7200000000,nan,1.6142544700,-0.9139396382,0.05
-0.7000000000,nan,1.5959756670,-0.9139403258,0.05
-0.6800000000,nan,1.5776968560,-0.9139403743,0.05
-0.6600000000,nan,1.5594180520,-0.9139403760,0.05
-0.6400000000,nan,1.5411392410,-0.9139405690,0.05
-0.6200000000,nan,1.5228604290,-0.9139403252,0.05
-0.6000000000,nan,1.5045816280,-0.9139404088,0.05
-0.5800000000,nan,1.4863028130,-0.9139406436,0.05
-0.5600000000,nan,1.4680240030,-0.9139401832,0.05
-0.5400000000,nan,1.4497452060,-0.9139405051,0.05
-0.5200000000,nan,1.4314663820,-0.9139406972,0.05
-0.5000000000,nan,1.4131875780,-0.9139399904,0.05
-0.4800000000,nan,1.3949087830,-0.9139406878,0.05
-0.4600000000,nan,1.3766299500,-0.9139407006,0.05
-0.4400000000,nan,1.3583511550,-0.9139397681,0.05
-0.4200000000,nan,1.3400723590,-0.9139409535,0.05
-0.4000000000,nan,1.3217935170,-0.9139406402,0.05
-0.3800000000,nan,1.3035147340,-0.9139395398,0.05
-0.3600000000,nan,1.2852359350,-0.9139412777,0.05
-0.3400000000,nan,1.2669570830,-0.9139405296,0.05
-0.3200000000,nan,1.2486783140,-0.9139393163,0.05
-0.3000000000,nan,1.2303995100,-0.9139416232,0.05
-0.2800000000,nan,1.2121206490,-0.9139404093,0.05
-0.2600000000,nan,1.1938418940,-0.9139390909,0.05
-0.2400000000,nan,1.1755630850,-0.9139419476,0.05
-0.2200000000,nan,1.1572842160,-0.9139403386,0.05
-0.2000000000,nan,1.1390054720,-0.9139388454,0.05
-0.1800000000,nan,1.1207266620,-0.9139422052,0.05
-0.1600000000,nan,1.1024477840,-0.9139403814,0.05
-0.1400000000,nan,1.0841690470,-0.9139385674,0.05
-0.1200000000,nan,1.0658902410,-0.9139423437,0.05
-0.1000000000,nan,1.0476113530,-0.9139405907,0.05
-0.0800000000,nan,1.0293326170,-0.9139382702,0.05
-0.0600000000,nan,1.0110538220,-0.9139423006,0.05
-0.0400000000,nan,0.9927749253,-0.9139409909,0.05
-0.0200000000,nan,0.9744961826,-0.9139380104,0.05
0.0000000000,nan,0.9562174049,-0.9139420100,0.05
0.0200000000,nan,0.9379385022,-0.9139415554,0.05
0.0400000000,nan,0.9196597426,-0.9139378931,0.05
0.0600000000,nan,0.9013809864,-0.9139414258,0.05
0.0800000000,nan,0.8831020856,-0.9139421853,0.05
0.1000000000,nan,0.8648232990,-0.9139380549,0.05
0.1200000000,nan,0.8465445634,-0.9139405627,0.05
0.1400000000,nan,0.8282656765,-0.9139427011,0.05
0.1600000000,nan,0.8099868554,-0.9139386183,0.05
0.1800000000,nan,0.7917081318,-0.9139395428,0.05
0.2000000000,nan,0.7734292736,-0.9139428645,0.05
0.2200000000,nan,0.7551504172,-0.9139396152,0.05
0.2400000000,nan,0.7368716890,-0.9139386239,0.05
0.2600000000,nan,0.7185928723,-0.9139424525,0.05
0.2800000000,nan,0.7003139909,-0.9139408998,0.05
0.3000000000,nan,0.6820352363,-0.9139381709,0.05
0.3200000000,nan,0.6637564641,-0.9139413859,0.05
0.3400000000,nan,0.6454775808,-0.9139420938,0.05
0.3600000000,nan,0.6271987804,-0.9139385329,0.05
0.3800000000,nan,0.6089200395,-0.9139398826,0.05
0.4000000000,nan,0.5906411850,-0.9139426366,0.05
0.4200000000,nan,0.5723623341,-0.9139398143,0.05
0.4400000000,nan,0.5540835925,-0.9139385494,0.05
0.4600000000,nan,0.5358047921,-0.9139420156,0.05
0.4800000000,nan,0.5175259119,-0.9139416019,0.05
0.5000000000,nan,0.4992471280,-0.9139382667,0.05
0.5200000000,nan,0.4809683812,-0.9139401989,0.05
0.5400000000,nan,0.4626895200,-0.9139428299,0.05
0.5600000000,nan,0.4444106680,-0.9139397041,0.05
0.5800000000,nan,0.4261319319,-0.9139381323,0.05
0.6000000000,nan,0.4078531427,-0.9139421127,0.05
0.6200000000,nan,0.3895742474,-0.9139424260,0.05
0.6400000000,nan,0.3712954457,-0.9139378485,0.05
0.6600000000,nan,0.3530167334,-0.9139389362,0.05
0.6800000000,nan,0.3347378882,-0.9139439847,0.05
0.7000000000,nan,0.3164589740,-0.9139412890,0.05
0.7200000000,nan,0.2981802366,-0.9139357023,0.05
0.7400000000,nan,0.2799015459,-0.9139402898,0.05
0.7600000000,nan,0.2616226251,-0.9139460326,0.05
0.7800000000,nan,0.2433437046,-0.9139356776,0.05
0.8000000000,nan,0.2250651980,-0.9139163809,0.05
0.8200000000,nan,0.2067870494,-0.9138840718,0.05
0.8400000000,nan,0.1885098351,-0.9137353811,0.05
0.8600000000,nan,0.1702376342,-0.9131961445,0.05
0.8800000000,nan,0.1519819893,-0.9116520803,0.05
0.9000000000,nan,0.1337715509,-0.9076316679,0.05
0.9200000000,nan,0.1156767226,-0.8980149583,0.05
0.9400000000,nan,0.0978509526,-0.8776524345,0.05
0.9600000000,nan,0.0805706252,-0.8402431266,0.05
0.9800000000,nan,0.0642412276,-0.7806066373,0.05
1.0000000000,nan,0.0493463597,-0.6973648043,0.05
1.0200000000,nan,0.0363466354,-0.5944991903,0.05
1.0400000000,nan,0.0255663921,-0.4807855734,0.05
1.0600000000,nan,0.0171152124,-0.3673228756,0.05
1.0800000000,nan,0.0108734771,-0.2643758913,0.05
1.1000000000,nan,0.0065401768,-0.1789254287,0.05
1.1200000000,nan,0.0037164599,-0.1137245638,0.05
1.1400000000,nan,0.0019911942,-0.0678180425,0.05
1.1600000000,nan,0.0010037382,-0.0379079370,0.05
1.1800000000,nan,0.0004748768,-0.0198382279,0.05
1.2000000000,nan,0.0002102091,-0.0097043392,0.05
1.2200000000,nan,0.0000867032,-0.0044270281,0.05
1.2400000000,nan,0.0000331280,-0.0018769850,0.05
1.2600000000,nan,0.0000116238,-0.0007358624,0.05
1.2800000000,nan,0.0000036935,-0.0002646726,0.05
1.3000000000,nan,0.0000010369,-0.0000862323,0.05
1.3200000000,nan,0.0000002442,-0.0000248834,0.05
1.3400000000,nan,0.0000000416,-0.0000060729,0.05
1.3600000000,nan,0.0000000013,-0.0000011050,0.05
1.3800000000,nan,-0.0000000027,-0.0000000664,0.05
1.4000000000,nan,-0.0000000014,0.0000000555,0.05
1.4200000000,nan,-0.0000000004,0.0000000318,0.05
1.4400000000,nan,-0.0000000001,0.0000000106,0.05
1.4600000000,nan,-0.0000000000,0.0000000024,0.05
1.4800000000,nan,0.0000000000,0.0000000003,0.05
1.5000000000,nan,0.0000000000,-0.0000000001,0.05
1.5200000000,nan,0.0000000000,-0.0000000000,0.05
1.5400000000,nan,0.0000000000,-0.0000000000,0.05
1.5600000000,nan,-0.0000000000,-0.0000000000,0.05
1.5800000000,nan,-0.0000000000,-0.0000000000,0.05
1.6000000000,nan,-0.0000000000,0.0000000000,0.05
1.6200000000,nan,-0.0000000000,0.0000000000,0.05
1.6400000000,nan,-0.0000000000,0.0000000000,0.05
1.6600000000,nan,0.0000000000,0.0000000000,0.05
1.6800000000,nan,0.0000000000,-0.0000000000,0.05
1.7000000000,nan,0.0000000000,-0.0000000000,0.05
1.7200000000,nan,0.0000000000,-0.0000000000,0.05
1.7400000000,nan,-0.0000000000,-0.0000000000,0.05
1.7600000000,nan,-0.0000000000,0.0000000000,0.05
1.7800000000,nan,-0.0000000000,0.0000000000,0.05
1.8000000000,nan,0.0000000000,0.0000000000,0.05
1.8200000000,nan,0.0000000000,0.0000000000,0.05
1.8400000000,nan,0.0000000000,-0.0000000000,0.05
1.8600000000,nan,0.0000000000,-0.0000000000,0.05
1.8800000000,nan,-0.0000000000,-0.0000000000,0.05
1.9000000000,nan,-0.0000000000,0.0000000000,0.05
1.9200000000,nan,-0.0000000000,0.0000000000,0.05
1.9400000000,nan,-0.0000000000,0.0000000000,0.05
1.9600000000,nan,0.0000000000,0.0000000000,0.05
1.9800000000,nan,0.0000000000,-0.0000000000,0.05
-1.9800000000,nan,1.9775621490,-0.0000004103,0.1
-1.9600000000,nan,1.9775621360,-0.0000011252,0.1
-1.9400000000,nan,1.9775621040,-0.0000024235,0.1
-1.9200000000,nan,1.9775620390,-0.0000046622,0.1
-1.9000000000,nan,1.9775619170,-0.0000083787,0.1
-1.8800000000,nan,1.9775617040,-0.0000143687,0.1
-1.8600000000,nan,1.9775613430,-0.0000237922,0.1
-1.8400000000,nan,1.9775607520,-0.0000383166,0.1
-1.8200000000,nan,1.9775598100,-0.0000603077,0.1
-1.8000000000,nan,1.9775583400,-0.0000930801,0.1
-1.7800000000,nan,1.9775560870,-0.0001412225,0.1
-1.7600000000,nan,1.9775526910,-0.0002110144,0.1
-1.7400000000,nan,1.9775476460,-0.0003109524,0.1
-1.7200000000,nan,1.9775402530,-0.0004524049,0.1
-1.7000000000,nan,1.9775295500,-0.0006504151,0.1
-1.6800000000,nan,1.9775142360,-0.0009246701,0.1
-1.6600000000,nan,1.9774925630,-0.0013006486,0.1
-1.6400000000,nan,1.9774622100,-0.0018109553,0.1
-1.6200000000,nan,1.9774201250,-0.0024968381,0.1
-1.6000000000,nan,1.9773623370,-0.0034098700,0.1
-1.5800000000,nan,1.9772837300,-0.0046137590,0.1
-1.5600000000,nan,1.9771777860,-0.0061862251,0.1
-1.5400000000,nan,1.9770362810,-0.0082208532,0.1
-1.5200000000,nan,1.9768489520,-0.0108288009,0.1
-1.5000000000,nan,1.9766031290,-0.0141402039,0.1
-1.4800000000,nan,1.9762833440,-0.0183050868,0.1
-1.4600000000,nan,1.9758709260,-0.0234935600,0.1
-1.4400000000,nan,1.9753436020,-0.0298950577,0.1
-1.4200000000,nan,1.9746751230,-0.0377163690,0.1
-1.4000000000,nan,1.9738349470,-0.0471782221,0.1
-1.3800000000,nan,1.9727879950,-0.0585102225,0.1
-1.3600000000,nan,1.9714945380,-0.0719440119,0.1
-1.3400000000,nan,1.9699102340,-0.0877046172,0.1
-1.3200000000,nan,1.9679863530,-0.1060000922,0.1
-1.3000000000,nan,1.9656702300,-0.1270097173,0.1
-1.2800000000,nan,1.9629059650,-0.1508712081,0.1
-1.2600000000,nan,1.9596353820,-0.1776675708,0.1
-1.2400000000,nan,1.9557992620,-0.2074144233,0.1
-1.2200000000,nan,1.9513388050,-0.2400487386,0.1
-1.2000000000,nan,1.9461973120,-0.2754200531,0.1
-1.1800000000,nan,1.9403220030,-0.3132851793,0.1
-1.1600000000,nan,1.9336659050,-0.3533073596,0.1
-1.1400000000,nan,1.9261897090,-0.3950605807,0.1
-1.1200000000,nan,1.9178634820,-0.4380394442,0.1
-1.1000000000,nan,1.9086681310,-0.4816745664,0.1
-1.0800000000,nan,1.8985964990,-0.5253529977,0.1
-1.0600000000,nan,1.8876540110,-0.5684426564,0.1
-1.0400000000,nan,1.8758587930,-0.6103193118,0.1
-1.0200000000,nan,1.8632412380,-0.6503942981,0.1
-1.0000000000,nan,1.8498430210,-0.6881409353,0.1
-0.9800000000,nan,1.8357156010,-0.7231176335,0.1
-0.9600000000,nan,1.8209183160,-0.7549858616,0.1
-0.9400000000,nan,1.8055161670,-0.7835215808,0.1
-0.9200000000,nan,1.7895774520,-0.8086193201,0.1
-0.9000000000,nan,1.7731713940,-0.8302887606,0.1
-0.8800000000,nan,1.7563659020,-0.8486443924,0.1
-0.8600000000,nan,1.7392256180,-0.8638894460,0.1
-0.8400000000,nan,1.7218103240,-0.8762957818,0.1
-0.8200000000,nan,1.7041737870,-0.8861816969,0.1
-0.8000000000,nan,1.6863630560,-0.8938896458,0.1
-0.7800000000,nan,1.6684182010,-0.8997656815,0.1
-0.7600000000,nan,1.6503724290,-0.9041420399,0.1
-0.7400000000,nan,1.6322525190,-0.9073237939,0.1
-0.7200000000,nan,1.6140794770,-0.9095799542,0.1
-0.7000000000,nan,1.5958693210,-0.9111388889,0.1
-0.6800000000,nan,1.5776339220,-0.9121875246,0.1
-0.6600000000,nan,1.5593818200,-0.9128735207,0.1
-0.6400000000,nan,1.5411189810,-0.9133094902,0.1
-0.6200000000,nan,1.5228494410,-0.9135783577,0.1
-0.6000000000,nan,1.5045758470,-0.9137390700,0.1
-0.5800000000,nan,1.4862998780,-0.9138320601,0.1
-0.5600000000,nan,1.4680225640,-0.9138840737,0.1
-0.5400000000,nan,1.4497445150,-0.9139121569,0.1
-0.5200000000,nan,1.4314660780,-0.9139267716,0.1
-0.5000000000,nan,1.4131874440,-0.9139340897,0.1
-0.4800000000,nan,1.3949087140,-0.9139376063,0.1
-0.4600000000,nan,1.3766299400,-0.9139392340,0.1
-0.4400000000,nan,1.3583511450,-0.9139399432,0.1
-0.4200000000,nan,1.3400723420,-0.9139402430,0.1
-0.4000000000,nan,1.3217935350,-0.9139403832,0.1
-0.3800000000,nan,1.3035147270,-0.9139403878,0.1
-0.3600000000,nan,1.2852359200,-0.9139404422,0.1
-0.3400000000,nan,1.2669571090,-0.9139404700,0.1
-0.3200000000,nan,1.2486783010,-0.9139403405,0.1
-0.3000000000,nan,1.2303994950,-0.9139405372,0.1
-0.2800000000,nan,1.2121206790,-0.9139404628,0.1
-0.2600000000,nan,1.1938418770,-0.9139401975,0.1
-0.2400000000,nan,1.1755630720,-0.9139407716,0.1
-0.2200000000,nan,1.1572842460,-0.9139403618,0.1
-0.2000000000,nan,1.1390054570,-0.9139399725,0.1
-0.1800000000,nan,1.1207266470,-0.9139412066,0.1
-0.1600000000,nan,1.1024478090,-0.9139401500,0.1
-0.1400000000,nan,1.0841690410,-0.9139396436,0.1
-0.1200000000,nan,1.0658902230,-0.9139418121,0.1
-0.1000000000,nan,1.0476113690,-0.9139399465,0.1
-0.0800000000,nan,1.0293326250,-0.9139391555,0.1
-0.0600000000,nan,1.0110538020,-0.9139424176,0.1
-0.0400000000,nan,0.9927749285,-0.9139400100,0.1
-0.0200000000,nan,0.9744962020,-0.9139385133,0.1
0.0000000000,nan,0.9562173879,-0.9139426996,0.1
0.0200000000,nan,0.9379384940,-0.9139405508,0.1
0.0400000000,nan,0.9196597659,-0.9139379474,0.1
0.0600000000,nan,0.9013809761,-0.9139423306,0.1
0.0800000000,nan,0.8831020727,-0.9139414402,0.1
0.1000000000,nan,0.8648233185,-0.9139378854,0.1
0.1200000000,nan,0.8465445573,-0.9139413061,0.1
0.1400000000,nan,0.8282656663,-0.9139421488,0.1
0.1600000000,nan,0.8099868713,-0.9139385766,0.1
0.1800000000,nan,0.7917081232,-0.9139401304,0.1
0.2000000000,nan,0.7734292661,-0.9139421544,0.1
0.2200000000,nan,0.7551504371,-0.9139397188,0.1
0.2400000000,nan,0.7368716773,-0.9139394797,0.1
0.2600000000,nan,0.7185928579,-0.9139414783,0.1
0.2800000000,nan,0.7003140182,-0.9139406394,0.1
0.3000000000,nan,0.6820352323,-0.9139395854,0.1
0.3200000000,nan,0.6637564348,-0.9139406775,0.1
0.3400000000,nan,0.6454776052,-0.9139409265,0.1
0.3600000000,nan,0.6271987977,-0.9139400719,0.1
0.3800000000,nan,0.6089200023,-0.9139402567,0.1
0.4000000000,nan,0.5906411875,-0.9139407451,0.1
0.4200000000,nan,0.5723623725,-0.9139404400,0.1
0.4400000000,nan,0.5540835699,-0.9139402438,0.1
0.4600000000,nan,0.5358047628,-0.9139405026,0.1
0.4800000000,nan,0.5175259498,-0.9139405323,0.1
0.5000000000,nan,0.4992471415,-0.9139403682,0.1
0.5200000000,nan,0.4809683350,-0.9139404050,0.1
0.5400000000,nan,0.4626895253,-0.9139404867,0.1
0.5600000000,nan,0.4444107156,-0.9139404400,0.1
0.5800000000,nan,0.4261319077,-0.9139404106,0.1
0.6000000000,nan,0.4078530991,-0.9139404444,0.1
0.6200000000,nan,0.3895742899,-0.9139404484,0.1
0.6400000000,nan,0.3712954812,-0.9139404307,0.1
0.6600000000,nan,0.3530166727,-0.9139404317,0.1
0.6800000000,nan,0.3347378639,-0.9139404208,0.1
0.7000000000,nan,0.3164590558,-0.9139403180,0.1
0.7200000000,nan,0.2981802512,-0.9139397675,0.1
0.7400000000,nan,0.2799014651,-0.9139370597,0.1
0.7600000000,nan,0.2616227688,-0.9139250731,0.1
0.7800000000,nan,0.2433444622,-0.9138777083,0.1
0.8000000000,nan,0.2250676605,-0.9137117278,0.1
0.8200000000,nan,0.2067959931,-0.9131981547,0.1
0.8400000000,nan,0.1885397343,-0.9117987595,0.1
0.8600000000,nan,0.1703240427,-0.9084396879,0.1
0.8800000000,nan,0.1522021468,-0.9013081458,0.1
0.9000000000,nan,0.1342717169,-0.8878250358,0.1
0.9200000000,nan,0.1166891454,-0.8649370461,0.1
0.9400000000,nan,0.0996742350,-0.8297534600,0.1
0.9600000000,nan,0.0834990070,-0.7803740929,0.1
0.9800000000,nan,0.0684592713,-0.7166207057,0.1
1.0000000000,nan,0.0548341787,-0.6403829231,0.1
1.0200000000,nan,0.0428439544,-0.5554289447,0.1
1.0400000000,nan,0.0326170209,-0.4667368152,0.1
1.0600000000,nan,0.0241744818,-0.3795699527,0.1
1.0800000000,nan,0.0174342228,-0.2985806388,0.1
1.1000000000,nan,0.0122312562,-0.2271709772,0.1
1.1200000000,nan,0.0083473837,-0.1672185442,0.1
1.1400000000,nan,0.0055425145,-0.1191464943,0.1
1.1600000000,nan,0.0035815240,-0.0822319603,0.1
1.1800000000,nan,0.0022532361,-0.0550182192,0.1
1.2000000000,nan,0.0013807952,-0.0357149515,0.1
1.2200000000,nan,0.0008246380,-0.0225141254,0.1
1.2400000000,nan,0.0004802302,-0.0137945474,0.1
1.2600000000,nan,0.0002728561,-0.0082221868,0.1
1.2800000000,nan,0.0001513427,-0.0047715942,0.1
1.3000000000,nan,0.0000819923,-0.0026982936,0.1
1.3200000000,nan,0.0000434110,-0.0014879869,0.1
1.3400000000,nan,0.0000224729,-0.0008007686,0.1
1.3600000000,nan,0.0000113802,-0.0004208272,0.1
1.3800000000,nan,0.0000056398,-0.0002161007,0.1
1.4000000000,nan,0.0000027362,-0.0001084936,0.1
1.4200000000,nan,0.0000013000,-0.0000532795,0.1
1.4400000000,nan,0.0000006050,-0.0000256040,0.1
1.4600000000,nan,0.0000002759,-0.0000120447,0.1
1.4800000000,nan,0.0000001232,-0.0000055481,0.1
1.5000000000,nan,0.0000000539,-0.0000025027,0.1
1.5200000000,nan,0.0000000231,-0.0000011057,0.1
1.5400000000,nan,0.0000000097,-0.0000004784,0.1
1.5600000000,nan,0.0000000040,-0.0000002027,0.1
1.5800000000,nan,0.0000000016,-0.0000000841,0.1
1.6000000000,nan,0.0000000006,-0.0000000341,0.1
1.6200000000,nan,0.0000000002,-0.0000000135,0.1
1.6400000000,nan,0.0000000001,-0.0000000052,0.1
1.6600000000,nan,0.0000000000,-0.0000000020,0.1
1.6800000000,nan,0.0000000000,-0.0000000007,0.1
1.7000000000,nan,0.0000000000,-0.0000000003,0.1
1.7200000000,nan,0.0000000000,-0.0000000001,0.1
1.7400000000,nan,0.0000000000,-0.0000000000,0.1
1.7600000000,nan,0.0000000000,-0.0000000000,0.1
1.7800000000,nan,0.0000000000,-0.0000000000,0.1
1.8000000000,nan,0.0000000000,-0.0000000000,0.1
1.8200000000,nan,-0.0000000000,-0.0000000000,0.1
1.8400000000,nan,-0.0000000000,0.0000000000,0.1
1.8600000000,nan,-0.0000000000,0.0000000000,0.1
1.8800000000,nan,-0.0000000000,0.0000000000,0.1
1.9000000000,nan,-0.0000000000,0.0000000000,0.1
1.9200000000,nan,-0.0000000000,0.0000000000,0.1
1.9400000000,nan,-0.0000000000,0.0000000000,0.1
1.9600000000,nan,-0.0000000000,0.0000000000,0.1
1.9800000000,nan,-0.0000000000,0.0000000000,0.1
-1.9800000000,nan,1.9126729480,-0.0002904607,0.2
-1.9600000000,nan,1.9126640620,-0.0006324810,0.2
-1.9400000000,nan,1.9126476490,-0.0010480834,0.2
-1.9200000000,nan,1.9126221390,-0.0015476225,0.2
-1.9000000000,nan,1.9125857440,-0.0021425104,0.2
-1.8800000000,nan,1.9125364380,-0.0028452846,0.2
-1.8600000000,nan,1.9124719320,-0.0036696749,0.2
-1.8400000000,nan,1.9123896510,-0.0046306687,0.2
-1.8200000000,nan,1.9122867060,-0.0057445733,0.2
-1.8000000000,nan,1.9121598680,-0.0070290732,0.2
-1.7800000000,nan,1.9120055430,-0.0085032824,0.2
-1.7600000000,nan,1.9118197370,-0.0101877884,0.2
-1.7400000000,nan,1.9115980310,-0.0121046874,0.2
-1.7200000000,nan,1.9113355490,-0.0142776077,0.2
-1.7000000000,nan,1.9110269270,-0.0167317193,0.2
-1.6800000000,nan,1.9106662810,-0.0194937277,0.2
-1.6600000000,nan,1.9102471780,-0.0225918493,0.2
-1.6400000000,nan,1.9097626070,-0.0260557647,0.2
-1.6200000000,nan,1.9092049470,-0.0299165490,0.2
-1.6000000000,nan,1.9085659450,-0.0342065744,0.2
-1.5800000000,nan,1.9078366840,-0.0389593836,0.2
-1.5600000000,nan,1.9070075690,-0.0442095303,0.2
-1.5400000000,nan,1.9060683030,-0.0499923846,0.2
-1.5200000000,nan,1.9050078740,-0.0563439004,0.2
-1.5000000000,nan,1.9038145470,-0.0633003436,0.2
-1.4800000000,nan,1.9024758600,-0.0708979769,0.2
-1.4600000000,nan,1.9009786280,-0.0791727030,0.2
-1.4400000000,nan,1.8993089520,-0.0881596630,0.2
-1.4200000000,nan,1.8974522410,-0.0978927908,0.2
-1.4000000000,nan,1.8953932410,-0.1084043252,0.2
-1.3800000000,nan,1.8931160680,-0.1197242798,0.2
-1.3600000000,nan,1.8906042690,-0.1318798766,0.2
-1.3400000000,nan,1.8878408730,-0.1448949444,0.2
-1.3200000000,nan,1.8848084720,-0.1587892912,0.2
-1.3000000000,nan,1.8814893020,-0.1735780553,0.2
-1.2800000000,nan,1.8778653490,-0.1892710465,0.2
-1.2600000000,nan,1.8739184600,-0.2058720862,0.2
-1.2400000000,nan,1.8696304660,-0.2233783601,0.2
-1.2200000000,nan,1.8649833250,-0.2417797975,0.2
-1.2000000000,nan,1.8599592740,-0.2610584924,0.2
-1.1800000000,nan,1.8545409860,-0.2811881832,0.2
-1.1600000000,nan,1.8487117470,-0.3021338105,0.2
-1.1400000000,nan,1.8424556330,-0.3238511700,0.2
-1.1200000000,nan,1.8357577000,-0.3462866809,0.2
-1.1000000000,nan,1.8286041660,-0.3693772890,0.2
-1.0800000000,nan,1.8209826080,-0.3930505213,0.2
-1.0600000000,nan,1.8128821450,-0.4172247103,0.2
-1.0400000000,nan,1.8042936200,-0.4418094015,0.2
-1.0200000000,nan,1.7952097690,-0.4667059560,0.2
-1.0000000000,nan,1.7856253820,-0.4918083545,0.2
-0.9800000000,nan,1.7755374350,-0.5170042067,0.2
-0.9600000000,nan,1.7649452130,-0.5421759619,0.2
-0.9400000000,nan,1.7538503970,-0.5672023123,0.2
-0.9200000000,nan,1.7422571210,-0.5919597721,0.2
-0.9000000000,nan,1.7301720060,-0.6163244097,0.2
-0.8800000000,nan,1.7176041440,-0.6401737019,0.2
-0.8600000000,nan,1.7045650580,-0.6633884720,0.2
-0.8400000000,nan,1.6910686060,-0.6858548675,0.2
-0.8200000000,nan,1.6771308630,-0.7074663274,0.2
-0.8000000000,nan,1.6627699530,-0.7281254824,0.2
-0.7800000000,nan,1.6480058440,-0.7477459331,0.2
-0.7600000000,nan,1.6328601150,-0.7662538447,0.2
-0.7400000000,nan,1.6173556900,-0.7835893035,0.2
-0.7200000000,nan,1.6015165430,-0.7997073818,0.2
-0.7000000000,nan,1.5853673950,-0.8145788640,0.2
-0.6800000000,nan,1.5689333880,-0.8281906007,0.2
-0.6600000000,nan,1.5522397710,-0.8405454630,0.2
-0.6400000000,nan,1.5353115700,-0.8516618904,0.2
-0.6200000000,nan,1.5181732950,-0.8615730356,0.2
-0.6000000000,nan,1.5008486490,-0.8703255308,0.2
-0.5800000000,nan,1.4833602740,-0.8779779136,0.2
-0.5600000000,nan,1.4657295320,-0.8845987671,0.2
-0.5400000000,nan,1.4479763230,-0.8902646441,0.2
-0.5200000000,nan,1.4301189460,-0.8950578530,0.2
-0.5000000000,nan,1.4121740090,-0.8990641920,0.2
-0.4800000000,nan,1.3941563790,-0.9023707201,0.2
-0.4600000000,nan,1.3760791800,-0.9050636489,0.2
-0.4400000000,nan,1.3579538330,-0.9072264348,0.2
-0.4200000000,nan,1.3397901230,-0.9089381352,0.2
-0.4000000000,nan,1.3215963070,-0.9102720788,0.2
-0.3800000000,nan,1.3033792400,-0.9112948838,0.2
-0.3600000000,nan,1.2851445120,-0.9120658199,0.2
-0.3400000000,nan,1.2668966070,-0.9126365443,0.2
-0.3200000000,nan,1.2486390500,-0.9130510961,0.2
-0.3000000000,nan,1.2303745630,-0.9133462480,0.2
-0.2800000000,nan,1.2121052000,-0.9135520322,0.2
-0.2600000000,nan,1.1938324820,-0.9136922462,0.2
-0.2400000000,nan,1.1755575100,-0.9137857519,0.2
-0.2200000000,nan,1.1572810520,-0.9138464056,0.2
-0.2000000000,nan,1.1390036540,-0.9138846594,0.2
-0.1800000000,nan,1.1207256650,-0.9139087198,0.2
-0.1600000000,nan,1.1024473050,-0.9139223718,0.2
-0.1400000000,nan,1.0841687700,-0.9139306267,0.2
-0.1200000000,nan,1.0658900800,-0.9139360636,0.2
-0.1000000000,nan,1.0476113280,-0.9139371254,0.2
-0.0800000000,nan,1.0293325950,-0.9139392142,0.2
-0.0600000000,nan,1.0110537590,-0.9139409752,0.2
-0.0400000000,nan,0.9927749562,-0.9139387856,0.2
-0.0200000000,nan,0.9744962077,-0.9139404392,0.2
0.0000000000,nan,0.9562173386,-0.9139419597,0.2
0.0200000000,nan,0.9379385293,-0.9139388085,0.2
0.0400000000,nan,0.9196597863,-0.9139401419,0.2
0.0600000000,nan,0.9013809237,-0.9139422780,0.2
0.0800000000,nan,0.8831020952,-0.9139394139,0.2
0.1000000000,nan,0.8648233471,-0.9139394301,0.2
0.1200000000,nan,0.8465445180,-0.9139418701,0.2
0.1400000000,nan,0.8282656723,-0.9139405447,0.2
0.1600000000,nan,0.8099868962,-0.9139392902,0.2
0.1800000000,nan,0.7917081007,-0.9139407780,0.2
0.2000000000,nan,0.7734292651,-0.9139411389,0.2
0.2200000000,nan,0.7551504551,-0.9139400351,0.2
0.2400000000,nan,0.7368716636,-0.9139400608,0.2
0.2600000000,nan,0.7185928527,-0.9139407393,0.2
0.2800000000,nan,0.7003140341,-0.9139406381,0.2
0.3000000000,nan,0.6820352272,-0.9139402560,0.2
0.3200000000,nan,0.6637564238,-0.9139403223,0.2
0.3400000000,nan,0.6454776143,-0.9139405288,0.2
0.3600000000,nan,0.6271988027,-0.9139405079,0.2
0.3800000000,nan,0.6089199940,-0.9139404014,0.2
0.4000000000,nan,0.5906411866,-0.9139403955,0.2
0.4200000000,nan,0.5723623782,-0.9139404453,0.2
0.4400000000,nan,0.5540835688,-0.9139404594,0.2
0.4600000000,nan,0.5358047598,-0.9139404406,0.2
0.4800000000,nan,0.5175259512,-0.9139404286,0.2
0.5000000000,nan,0.4992471426,-0.9139404328,0.2
0.5200000000,nan,0.4809683339,-0.9139404393,0.2
0.5400000000,nan,0.4626895251,-0.9139404389,0.2
0.5600000000,nan,0.4444107163,-0.9139404222,0.2
0.5800000000,nan,0.4261319082,-0.9139403035,0.2
0.6000000000,nan,0.4078531042,-0.9139395839,0.2
0.6200000000,nan,0.3895743248,-0.9139361319,0.2
0.6400000000,nan,0.3712956589,-0.9139226724,0.2
0.6600000000,nan,0.3530174179,-0.9138786151,0.2
0.6800000000,nan,0.3347405143,-0.9137543109,0.2
0.7000000000,nan,0.3164672455,-0.9134456371,0.2
0.7200000000,nan,0.2982026888,-0.9127596270,0.2
0.7400000000,nan,0.2799568604,-0.9113764085,0.2
0.7600000000,nan,0.2617476325,-0.9088174863,0.2
0.7800000000,nan,0.2436041609,-0.9044331438,0.2
0.8000000000,nan,0.2255703067,-0.8974205261,0.2
0.8200000000,nan,0.2077073399,-0.8868783149,0.2
0.8400000000,nan,0.1900951741,-0.8718951397,0.2
0.8600000000,nan,0.1728315343,-0.8516597161,0.2
0.8800000000,nan,0.1560287855,-0.8255741202,0.2
0.9000000000,nan,0.1398085695,-0.7933496519,0.2
0.9200000000,nan,0.1242947994,-0.7550678712,0.2
0.9400000000,nan,0.1096058547,-0.7111964644,0.2
0.9600000000,nan,0.0958469408,-0.6625584592,0.2
0.9800000000,nan,0.0831035163,-0.6102616205,0.2
1.0000000000,nan,0.0714364760,-0.5556008083,0.2
1.0200000000,nan,0.0608794840,-0.4999487742,0.2
1.0400000000,nan,0.0514385251,-0.4446503684,0.2
1.0600000000,nan,0.0430934692,-0.3909321771,0.2
1.0800000000,nan,0.0358012380,-0.3398353121,0.2
1.1000000000,nan,0.0295000567,-0.2921745142,0.2
1.1200000000,nan,0.0241142574,-0.2485227568,0.2
1.1400000000,nan,0.0195591465,-0.2092176495,0.2
1.1600000000,nan,0.0157455514,-0.1743842943,0.2
1.1800000000,nan,0.0125837747,-0.1439687458,0.2
1.2000000000,nan,0.0099868016,-0.1177765937,0.2
1.2200000000,nan,0.0078727109,-0.0955121250,0.2
1.2400000000,nan,0.0061663166,-0.0768147101,0.2
1.2600000000,nan,0.0048001225,-0.0612902767,0.2
1.2800000000,nan,0.0037147055,-0.0485368049,0.2
1.3000000000,nan,0.0028586503,-0.0381636314,0.2
1.3200000000,nan,0.0021881603,-0.0298049493,0.2
1.3400000000,nan,0.0016664524,-0.0231282594,0.2
1.3600000000,nan,0.0012630299,-0.0178387007,0.2
1.3800000000,nan,0.0009529043,-0.0136802195,0.2
1.4000000000,nan,0.0007158211,-0.0104344691,0.2
1.4200000000,nan,0.0005355256,-0.0079182096,0.2
1.4400000000,nan,0.0003990927,-0.0059798323,0.2
1.4600000000,nan,0.0002963323,-0.0044954860,0.2
1.4800000000,nan,0.0002192733,-0.0033651514,0.2
1.5000000000,nan,0.0001617262,-0.0025088931,0.2
1.5200000000,nan,0.0001189176,-0.0018634309,0.2
1.5400000000,nan,0.0000871890,-0.0013791042,0.2
1.5600000000,nan,0.0000637534,-0.0010172499,0.2
1.5800000000,nan,0.0000464990,-0.0007479880,0.2
1.6000000000,nan,0.0000338339,-0.0005483819,0.2
1.6200000000,nan,0.0000245637,-0.0004009351,0.2
1.6400000000,nan,0.0000177965,-0.0002923779,0.2
1.6600000000,nan,0.0000128686,-0.0002127000,0.2
1.6800000000,nan,0.0000092885,-0.0001543876,0.2
1.7000000000,nan,0.0000066931,-0.0001118266,0.2
1.7200000000,nan,0.0000048154,-0.0000808405,0.2
1.7400000000,nan,0.0000034595,-0.0000583342,0.2
1.7600000000,nan,0.0000024820,-0.0000420229,0.2
1.7800000000,nan,0.0000017786,-0.0000302255,0.2
1.8000000000,nan,0.0000012730,-0.0000217092,0.2
1.8200000000,nan,0.0000009102,-0.0000155729,0.2
1.8400000000,nan,0.0000006501,-0.0000111600,0.2
1.8600000000,nan,0.0000004638,-0.0000079940,0.2
1.8800000000,nan,0.0000003303,-0.0000057313,0.2
1.9000000000,nan,0.0000002345,-0.0000041274,0.2
1.9200000000,nan,0.0000001652,-0.0000030135,0.2
1.9400000000,nan,0.0000001140,-0.0000022833,0.2
1.9600000000,nan,0.0000000739,-0.0000018888,0.2
1.9800000000,nan,0.0000000385,-0.0000018479,0.2
-1.9800000000,nan,1.8251875650,-0.0010025966,0.3
-1.9600000000,nan,1.8251571650,-0.0020944262,0.3
-1.9400000000,nan,1.8251037880,-0.0033042021,0.3
-1.9200000000,nan,1.8250249970,-0.0046398684,0.3
-1.9000000000,nan,1.8249181940,-0.0061097218,0.3
-1.8800000000,nan,1.8247806090,-0.0077224151,0.3
-1.8600000000,nan,1.8246092970,-0.0094869588,0.3
-1.8400000000,nan,1.8244011300,-0.0114127221,0.3
-1.8200000000,nan,1.8241527880,-0.0135094314,0.3
-1.8000000000,nan,1.8238607530,-0.0157871672,0.3
-1.7800000000,nan,1.8235213010,-0.0182563592,0.3
-1.7600000000,nan,1.8231304990,-0.0209277790,0.3
-1.7400000000,nan,1.8226841900,-0.0238125296,0.3
-1.7200000000,nan,1.8221779970,-0.0269220332,0.3
-1.7000000000,nan,1.8216073090,-0.0302680153,0.3
-1.6800000000,nan,1.8209672770,-0.0338624855,0.3
-1.6600000000,nan,1.8202528100,-0.0377177154,0.3
-1.6400000000,nan,1.8194585680,-0.0418462118,0.3
-1.6200000000,nan,1.8185789610,-0.0462606863,0.3
-1.6000000000,nan,1.8176081410,-0.0509740208,0.3
-1.5800000000,nan,1.8165400000,-0.0559992275,0.3
-1.5600000000,nan,1.8153681720,-0.0613494047,0.3
-1.5400000000,nan,1.8140860240,-0.0670376871,0.3
-1.5200000000,nan,1.8126866640,-0.0730771908,0.3
-1.5000000000,nan,1.8111629360,-0.0794809519,0.3
-1.4800000000,nan,1.8095074260,-0.0862618600,0.3
-1.4600000000,nan,1.8077124620,-0.0934325853,0.3
-1.4400000000,nan,1.8057701230,-0.1010054988,0.3
-1.4200000000,nan,1.8036722420,-0.1089925864,0.3
-1.4000000000,nan,1.8014104190,-0.1174053570,0.3
-1.3800000000,nan,1.7989760280,-0.1262547427,0.3
-1.3600000000,nan,1.7963602290,-0.1355509937,0.3
-1.3400000000,nan,1.7935539880,-0.1453035658,0.3
-1.3200000000,nan,1.7905480870,-0.1555210021,0.3
-1.3000000000,nan,1.7873331480,-0.1662108086,0.3
-1.2800000000,nan,1.7838996540,-0.1773793242,0.3
-1.2600000000,nan,1.7802379750,-0.1890315855,0.3
-1.2400000000,nan,1.7763383910,-0.2011711870,0.3
-1.2200000000,nan,1.7721911270,-0.2138001384,0.3
-1.2000000000,nan,1.7677863860,-0.2269187181,0.3
-1.1800000000,nan,1.7631143790,-0.2405253261,0.3
-1.1600000000,nan,1.7581653720,-0.2546163358,0.3
-1.1400000000,nan,1.7529297250,-0.2691859474,0.3
-1.1200000000,nan,1.7473979350,-0.2842260447,0.3
-1.1000000000,nan,1.7415606840,-0.2997260554,0.3
-1.0800000000,nan,1.7354088920,-0.3156728192,0.3
-1.0600000000,nan,1.7289337710,-0.3320504655,0.3
-1.0400000000,nan,1.7221268740,-0.3488403014,0.3
-1.0200000000,nan,1.7149801590,-0.3660207153,0.3
-1.0000000000,nan,1.7074860450,-0.3835670977,0.3
-0.9800000000,nan,1.6996374750,-0.4014517817,0.3
-0.9600000000,nan,1.6914279740,-0.4196440076,0.3
-0.9400000000,nan,1.6828517150,-0.4381099144,0.3
-0.9200000000,nan,1.6739035770,-0.4568125611,0.3
-0.9000000000,nan,1.6645792120,-0.4757119815,0.3
-0.8800000000,nan,1.6548750980,-0.4947652760,0.3
-0.8600000000,nan,1.6447886010,-0.5139267430,0.3
-0.8400000000,nan,1.6343180280,-0.5331480526,0.3
-0.8200000000,nan,1.6234626790,-0.5523784664,0.3
-0.8000000000,nan,1.6122228900,-0.5715651030,0.3
-0.7800000000,nan,1.6006000750,-0.5906532532,0.3
-0.7600000000,nan,1.5885967600,-0.6095867440,0.3
-0.7400000000,nan,1.5762166050,-0.6283083520,0.3
-0.7200000000,nan,1.5634644250,-0.6467602643,0.3
-0.7000000000,nan,1.5503461940,-0.6648845861,0.3
-0.6800000000,nan,1.5368690420,-0.6826238894,0.3
-0.6600000000,nan,1.5230412390,-0.6999218002,0.3
-0.6400000000,nan,1.5088721700,-0.7167236156,0.3
-0.6200000000,nan,1.4943722940,-0.7329769449,0.3
-0.6000000000,nan,1.4795530920,-0.7486323629,0.3
-0.5800000000,nan,1.4644270000,-0.7636440668,0.3
-0.5600000000,nan,1.4490073300,-0.7779705219,0.3
-0.5400000000,nan,1.4333081790,-0.7915750830,0.3
-0.5200000000,nan,1.4173443260,-0.8044265763,0.3
-0.5000000000,nan,1.4011311160,-0.8164998258,0.3
-0.4800000000,nan,1.3846843330,-0.8277761071,0.3
-0.4600000000,nan,1.3680200720,-0.8382435127,0.3
-0.4400000000,nan,1.3511545930,-0.8478972130,0.3
-0.4200000000,nan,1.3341041830,-0.8567395973,0.3
-0.4000000000,nan,1.3168850090,-0.8647802836,0.3
-0.3800000000,nan,1.2995129720,-0.8720359864,0.3
-0.3600000000,nan,1.2820035690,-0.8785302362,0.3
-0.3400000000,nan,1.2643717620,-0.8842929500,0.3
-0.3200000000,nan,1.2466318510,-0.8893598547,0.3
-0.3000000000,nan,1.2287973680,-0.8937717708,0.3
-0.2800000000,nan,1.2108809800,-0.8975737818,0.3
-0.2600000000,nan,1.1928944170,-0.9008142727,0.3
-0.2400000000,nan,1.1748484100,-0.9035439705,0.3
-0.2200000000,nan,1.1567526580,-0.9058147698,0.3
-0.2000000000,nan,1.1386158190,-0.9076788199,0.3
-0.1800000000,nan,1.1204455050,-0.9091874483,0.3
-0.1600000000,nan,1.1022483210,-0.9103897108,0.3
-0.1400000000,nan,1.0840299170,-0.9113330149,0.3
-0.1200000000,nan,1.0657950000,-0.9120599548,0.3
-0.1000000000,nan,1.0475475190,-0.9126095852,0.3
-0.0800000000,nan,1.0292906170,-0.9130187398,0.3
-0.0600000000,nan,1.0110267690,-0.9133148023,0.3
-0.0400000000,nan,0.9927580247,-0.9135248685,0.3
-0.0200000000,nan,0.9744857742,-0.9136729435,0.3
0.0000000000,nan,0.9562111070,-0.9137709441,0.3
0.0200000000,nan,0.9379349364,-0.9138351386,0.3
0.0400000000,nan,0.9196577015,-0.9138790819,0.3
0.0600000000,nan,0.9013797731,-0.9139046583,0.3
0.0800000000,nan,0.8831015151,-0.9139188760,0.3
0.1000000000,nan,0.8648230181,-0.9139293909,0.3
0.1200000000,nan,0.8465443395,-0.9139352314,0.3
0.1400000000,nan,0.8282656089,-0.9139369912,0.3
0.1600000000,nan,0.8099868598,-0.9139384659,0.3
0.1800000000,nan,0.7917080702,-0.9139399686,0.3
0.2000000000,nan,0.7734292611,-0.9139402999,0.3
0.2200000000,nan,0.7551504582,-0.9139401081,0.3
0.2400000000,nan,0.7368716568,-0.9139402386,0.3
0.2600000000,nan,0.7185928487,-0.9139404742,0.3
0.2800000000,nan,0.7003140378,-0.9139404942,0.3
0.3000000000,nan,0.6820352289,-0.9139404135,0.3
0.3200000000,nan,0.6637564213,-0.9139403981,0.3
0.3400000000,nan,0.6454776130,-0.9139404332,0.3
0.3600000000,nan,0.6271988040,-0.9139404517,0.3
0.3800000000,nan,0.6089199949,-0.9139404444,0.3
0.4000000000,nan,0.5906411862,-0.9139404344,0.3
0.4200000000,nan,0.5723623775,-0.9139404318,0.3
0.4400000000,nan,0.5540835689,-0.9139404160,0.3
0.4600000000,nan,0.5358047609,-0.9139402709,0.3
0.4800000000,nan,0.5175259581,-0.9139394807,0.3
0.5000000000,nan,0.4992471817,-0.9139362088,0.3
0.5200000000,nan,0.4809685097,-0.9139251228,0.3
0.5400000000,nan,0.4626901768,-0.9138931317,0.3
0.5600000000,nan,0.4444127844,-0.9138122868,0.3
0.5800000000,nan,0.4261376853,-0.9136296165,0.3
0.6000000000,nan,0.4078675998,-0.9132546028,0.3
0.6200000000,nan,0.3896075012,-0.9125461285,0.3
0.6400000000,nan,0.3713657546,-0.9113016467,0.3
0.6600000000,nan,0.3531554353,-0.9092516696,0.3
0.6800000000,nan,0.3349956879,-0.9060622323,0.3
0.7000000000,nan,0.3169129460,-0.9013467998,0.3
0.7200000000,nan,0.2989418159,-0.8946874371,0.3
0.7400000000,nan,0.2811254485,-0.8856633510,0.3
0.7600000000,nan,0.2635152818,-0.8738835642,0.3
0.7800000000,nan,0.2461701060,-0.8590197545,0.3
0.8000000000,nan,0.2291544916,-0.8408353055,0.3
0.8200000000,nan,0.2125366938,-0.8192072799,0.3
0.8400000000,nan,0.1963862005,-0.7941391478,0.3
0.8600000000,nan,0.1807711278,-0.7657634157,0.3
0.8800000000,nan,0.1657556638,-0.7343345674,0.3
0.9000000000,nan,0.1513977451,-0.7002137561,0.3
0.9200000000,nan,0.1377471136,-0.6638473700,0.3
0.9400000000,nan,0.1248438503,-0.6257419073,0.3
0.9600000000,nan,0.1127174373,-0.5864375739,0.3
0.9800000000,nan,0.1013863474,-0.5464827386,0.3
1.0000000000,nan,0.0908581277,-0.5064109340,0.3
1.0200000000,nan,0.0811299100,-0.4667215689,0.3
1.0400000000,nan,0.0721892650,-0.4278650044,0.3
1.0600000000,nan,0.0640153098,-0.3902321757,0.3
1.0800000000,nan,0.0565799780,-0.3541485760,0.3
1.1000000000,nan,0.0498493668,-0.3198721444,0.3
1.1200000000,nan,0.0437850922,-0.2875944335,0.3
1.1400000000,nan,0.0383455895,-0.2574443546,0.3
1.1600000000,nan,0.0334873180,-0.2294937911,0.3
1.1800000000,nan,0.0291658378,-0.2037644206,0.3
1.2000000000,nan,0.0253367412,-0.1802351648,0.3
1.2200000000,nan,0.0219564312,-0.1588497890,0.3
1.2400000000,nan,0.0189827496,-0.1395242780,0.3
1.2600000000,nan,0.0163754601,-0.1221537153,0.3
1.2800000000,nan,0.0140966010,-0.1066184864,0.3
1.3000000000,nan,0.0121107207,-0.0927897040,0.3
1.3200000000,nan,0.0103850128,-0.0805338150,0.3
1.3400000000,nan,0.0088893681,-0.0697163989,0.3
1.3600000000,nan,0.0075963569,-0.0602052015,0.3
1.3800000000,nan,0.0064811600,-0.0518724697,0.3
1.4000000000,nan,0.0055214581,-0.0445966692,0.3
1.4200000000,nan,0.0046972932,-0.0382636682,0.3
1.4400000000,nan,0.0039909114,-0.0327674756,0.3
1.4600000000,nan,0.0033865942,-0.0280106125,0.3
1.4800000000,nan,0.0028704869,-0.0239041942,0.3
1.5000000000,nan,0.0024304264,-0.0203677871,0.3
1.5200000000,nan,0.0020557754,-0.0173291001,0.3
1.5400000000,nan,0.0017372624,-0.0147235579,0.3
1.5600000000,nan,0.0014668331,-0.0124937974,0.3
1.5800000000,nan,0.0012375105,-0.0105891195,0.3
1.6000000000,nan,0.0010432683,-0.0089649221,0.3
1.6200000000,nan,0.0008789137,-0.0075821344,0.3
1.6400000000,nan,0.0007399829,-0.0064066668,0.3
1.6600000000,nan,0.0006226470,-0.0054088873,0.3
1.6800000000,nan,0.0005236274,-0.0045631316,0.3
1.7000000000,nan,0.0004401217,-0.0038472522,0.3
1.7200000000,nan,0.0003697373,-0.0032422083,0.3
1.7400000000,nan,0.0003104334,-0.0027316977,0.3
1.7600000000,nan,0.0002604694,-0.0023018334,0.3
1.7800000000,nan,0.0002183601,-0.0019408608,0.3
1.8000000000,nan,0.0001828350,-0.0016389195,0.3
1.8200000000,nan,0.0001528033,-0.0013878461,0.3
1.8400000000,nan,0.0001273211,-0.0011810205,0.3
1.8600000000,nan,0.0001055625,-0.0010132561,0.3
1.8800000000,nan,0.0000867909,-0.0008807351,0.3
1.9000000000,nan,0.0000703331,-0.0007809928,0.3
1.9200000000,nan,0.0000555512,-0.0007129560,0.3
1.9400000000,nan,0.0000418148,-0.0006770396,0.3
1.9600000000,nan,0.0000284696,-0.0006753123,0.3
1.9800000000,nan,0.0000148023,-0.0007117402,0.3
