S,delta_DPG_tau01,delta_exact_tau01,delta_DPG_tau025,delta_exact_tau025,delta_DPG_tau05,delta_exact_tau05,delta_DPG_tau10,delta_exact_tau10
5.037394258,-4.200819473e-07,0,9.983996926e-09,3.043377135e-194,5.568494254e-07,3.833788647e-97,1.303601631e-06,1.592813719e-48
5.15685262,-2.044019716e-07,0,2.228623155e-07,3.153200247e-191,6.907589291e-07,1.21380277e-95,1.250281844e-06,8.81588431e-48
5.279143855,1.426509268e-06,0,1.624948075e-06,3.09255974e-188,2.047481783e-06,3.739101367e-94,2.512563987e-06,4.813160395e-47
5.404335144,8.998596102e-07,0,4.18127586e-07,2.871149766e-185,7.438506159e-07,1.120691167e-92,1.136233283e-06,2.592141978e-46
5.532495259,-1.096356199e-06,0,-2.068203907e-06,2.523278842e-182,-1.826199089e-06,3.268170474e-91,-1.546713506e-06,1.377056268e-45
5.663694603,-1.075868646e-06,0,-1.875635657e-06,2.09916585e-179,-1.569514849e-06,9.273078961e-90,-1.454257772e-06,7.216215602e-45
5.79800525,1.963716747e-07,0,-4.500126736e-08,1.653106504e-176,4.506280842e-07,2.560024882e-88,3.421443558e-07,3.730205011e-44
5.935500982,4.480491897e-07,0,5.200874814e-07,1.232332701e-173,1.101812698e-06,6.87647502e-87,6.516468104e-07,1.902049321e-43
6.076257332,-5.88937484e-07,0,-1.246427896e-07,8.696182777e-171,4.42839981e-07,1.797171412e-85,-3.981531586e-07,9.567031789e-43
6.220351622,1.411076563e-06,0,2.111727939e-06,5.80902704e-168,2.61355703e-06,4.569993563e-84,1.326083125e-06,4.746784758e-42
6.36786301,1.320572437e-06,0,2.270808615e-06,3.673268772e-165,2.77449673e-06,1.130692858e-82,8.484480576e-07,2.323214251e-41
6.518872529,7.239924688e-07,0,1.514287352e-06,2.198756395e-162,1.930790131e-06,2.72193165e-81,-8.023390577e-07,1.121623047e-40
6.673463136,-3.220028505e-07,0,1.575055503e-07,1.245882738e-159,3.539007058e-07,6.375493892e-80,-3.343743811e-06,5.341621028e-40
6.831719754,1.556444941e-06,0,1.451398425e-06,6.682722456e-157,1.346660396e-06,1.452964704e-78,-3.477089785e-06,2.509390626e-39
6.993729319,1.171917184e-07,0,-2.709816706e-07,3.393176541e-154,-5.980480808e-07,3.221821541e-77,-6.859100163e-06,1.162875171e-38
7.15958083,6.555502399e-08,0,-6.942981018e-07,1.630935743e-151,-1.309327476e-06,6.951102195e-76,-9.230755814e-06,5.315794037e-38
7.329365397,-5.22356737e-07,0,-1.56018267e-06,7.420705775e-149,-2.576966797e-06,1.459191353e-74,-1.23786665e-05,2.397033056e-37
7.503176288,1.773377001e-07,0,-8.032219314e-07,3.196186858e-146,-2.243516529e-06,2.980422439e-73,-1.424029922e-05,1.066231122e-36
7.681108986,-1.097356066e-07,0,-5.587594275e-07,1.30316178e-143,-2.440782953e-06,5.923126971e-72,-1.699714087e-05,4.678436968e-36
7.863261237,4.634593562e-07,0,2.563489519e-07,5.029726671e-141,-2.291071549e-06,1.145335066e-70,-1.958195331e-05,2.024990383e-35
8.049733103,7.889518266e-07,0,3.681162857e-07,1.837684642e-138,-3.091505796e-06,2.154879764e-69,-2.325870371e-05,8.646066638e-35
8.240627022,-5.599355716e-07,0,-9.378577752e-07,6.355925939e-136,-5.461502229e-06,3.944783665e-68,-2.881648858e-05,3.641567113e-34
8.436047861,-6.633026135e-08,0,-6.684756934e-07,2.080983429e-133,-6.610240324e-06,7.026413663e-67,-3.336599066e-05,1.512978996e-33
8.636102971,2.099238904e-07,0,-9.884978449e-07,6.449723516e-131,-8.697664137e-06,1.217742165e-65,-3.887936688e-05,6.200876114e-33
8.840902251,2.814341922e-07,2.587915853e-320,-2.193477503e-06,1.892330581e-128,-1.189207343e-05,2.053472224e-64,-4.536112205e-05,2.506972331e-32
9.050558206,-1.854509759e-06,3.486392173e-314,-5.335221393e-06,5.255779357e-126,-1.704724825e-05,3.369263331e-63,-5.380137479e-05,9.998230242e-32
9.265186008,-1.360740634e-06,4.09484396e-308,-6.215834092e-06,1.38185427e-123,-2.015655481e-05,5.378912857e-62,-6.010784306e-05,3.933459038e-31
9.484903563,-1.310874079e-06,4.192754481e-302,-7.703735702e-06,3.439324771e-121,-2.395686259e-05,8.355420517e-61,-6.69257608e-05,1.526528291e-30
9.709831569,-1.891139695e-06,3.742512897e-296,-9.940291048e-06,8.103465668e-119,-2.838799208e-05,1.262865827e-59,-7.410342579e-05,5.844059871e-30
9.940093589,-3.770106415e-06,2.912258004e-290,-1.328933375e-05,1.807406921e-116,-3.372795509e-05,1.857214541e-58,-8.193252789e-05,2.207013042e-29
10.17581612,-4.861329891e-06,1.975604256e-284,-1.602249776e-05,3.816185846e-114,-3.833059555e-05,2.657564417e-57,-8.874275651e-05,8.221981279e-29
10.41712864,-6.064582973e-06,1.168354256e-278,-1.890430079e-05,7.627679671e-112,-4.290026108e-05,3.700183902e-56,-9.527119776e-05,3.021553804e-28
10.66416373,-8.350845514e-06,6.023578508e-273,-2.241929351e-05,1.443263678e-109,-4.790177871e-05,5.012813585e-55,-0.0001021531249,1.095386532e-27
10.91705708,-9.390091551e-06,2.707328938e-267,-2.484960824e-05,2.585176537e-107,-5.180576935e-05,6.607839971e-54,-0.0001078174044,3.91731647e-27
11.17594763,-1.168130096e-05,1.060803414e-261,-2.87239086e-05,4.383560745e-105,-5.709575933e-05,8.475361049e-53,-0.0001146807881,1.381958904e-26
11.44097759,-1.380860976e-05,3.623575134e-256,-3.245003405e-05,7.036508199e-103,-6.208392933e-05,1.057739379e-51,-0.0001210782471,4.809366224e-26
11.71229255,-1.559601878e-05,1.079068937e-250,-3.523437173e-05,1.069256234e-100,-6.60039091e-05,1.284464155e-50,-0.000126483146,1.651079161e-25
11.99004157,-1.473629654e-05,2.801378455e-245,-3.548347424e-05,1.538161448e-98,-6.749459132e-05,1.517711653e-49,-0.0001294920266,5.591603642e-25
12.27437721,-1.517910358e-05,6.340247375e-240,-3.68739698e-05,2.094685093e-96,-7.007721513e-05,1.744944672e-48,-0.0001335265401,1.868075582e-24
12.56545568,-1.627784001e-05,1.250989422e-234,-3.867167094e-05,2.700433211e-94,-7.288571801e-05,1.952092321e-47,-0.0001377069712,6.156633095e-24
12.86343687,-1.722461213e-05,2.151866473e-229,-4.000100002e-05,3.29569677e-92,-7.50676044e-05,2.124939507e-46,-0.0001412351318,2.001631316e-23
13.16848449,-1.657294322e-05,3.226952117e-224,-3.967774392e-05,3.807688667e-90,-7.552797733e-05,2.250720587e-45,-0.0001430079471,6.419750488e-23
13.4807661,-1.598148034e-05,4.21877692e-219,-3.93044924e-05,4.16463851e-88,-7.581042851e-05,2.319672648e-44,-0.0001445425949,2.031172288e-22
13.80045325,-1.629593038e-05,4.808380242e-214,-3.952300488e-05,4.312173691e-86,-7.649518032e-05,2.326286939e-43,-0.0001464206419,6.339737505e-22
14.12772157,-1.573170971e-05,4.777829647e-209,-3.900611688e-05,4.22687734e-84,-7.634889908e-05,2.270035921e-42,-0.0001473429489,1.95205965e-21
14.46275083,-1.582059292e-05,4.138887253e-204,-3.901560491e-05,3.922373709e-82,-7.656712442e-05,2.155442773e-41,-0.000148488803,5.929439328e-21
14.80572508,-1.5477174e-05,3.125785163e-199,-3.856940354e-05,3.445765593e-80,-7.620969183e-05,1.991480647e-40,-0.0001489043088,1.776783058e-20
15.15683274,-1.641510464e-05,2.058063743e-194,-3.923586082e-05,2.865705093e-78,-7.693806258e-05,1.79041237e-39,-0.0001503456803,5.252389871e-20
15.51626667,-1.549798304e-05,1.181365588e-189,-3.822396464e-05,2.25625349e-76,-7.608157761e-05,1.566278737e-38,-0.0001501741843,1.531732341e-19
15.88422433,-1.421801482e-05,5.912039148e-185,-3.673850767e-05,1.681731285e-74,-7.470667223e-05,1.333293355e-37,-0.0001494209804,4.406703642e-19
16.26090785,-1.298819129e-05,2.579404983e-180,-3.54289659e-05,1.186695741e-72,-7.341323065e-05,1.104395929e-36,-0.0001485369287,1.250695424e-18
16.64652417,-1.354199377e-05,9.811442018e-176,-3.625531248e-05,7.927532828e-71,-7.418965865e-05,8.901600606e-36,-0.0001494693289,3.501852215e-18
17.04128511,-1.516722013e-05,3.253712081e-171,-3.821870899e-05,5.013655495e-69,-7.603681978e-05,6.981640986e-35,-0.0001513586797,9.672850001e-18
17.44540754,-1.639845428e-05,9.407199227e-167,-3.958360883e-05,3.001861602e-67,-7.725632967e-05,5.328377286e-34,-0.0001526720706,2.635866417e-17
17.85911346,-1.71942791e-05,2.371256636e-162,-4.006699678e-05,1.701565303e-65,-7.763945124e-05,3.957149848e-33,-0.000153284758,7.086089572e-17
18.28263013,-1.585992594e-05,5.211178008e-158,-3.848251019e-05,9.13125517e-64,-7.615085772e-05,2.859711364e-32,-0.0001521179885,1.879343839e-16
18.71619021,-1.396743229e-05,9.984690642e-154,-3.608482341e-05,4.639150381e-62,-7.391248124e-05,2.011019458e-31,-0.0001502413726,4.917273533e-16
19.16003187,-1.137015626e-05,1.66792682e-149,-3.314806854e-05,2.231386691e-60,-7.109738754e-05,1.376153851e-30,-0.0001476552861,1.269296964e-15
19.61439893,-1.179086097e-05,2.42921224e-145,-3.349143003e-05,1.016113081e-58,-7.144574067e-05,9.163823715e-30,-0.0001480149781,3.232400688e-15
20.079541,-1.357587893e-05,3.084626174e-141,-3.583135109e-05,4.38069043e-57,-7.380244841e-05,5.938106112e-29,-0.0001502255161,8.121058403e-15
20.55571359,-1.626318012e-05,3.415001188e-137,-3.910955968e-05,1.788047346e-55,-7.713628339e-05,3.744408752e-28,-0.0001534622827,2.012927295e-14
21.04317829,-1.697525767e-05,3.296348859e-133,-4.032078706e-05,6.909619273e-54,-7.845387583e-05,2.297657588e-27,-0.0001547993654,4.922369122e-14
21.54220288,-1.718754839e-05,2.774165309e-129,-4.082935429e-05,2.527963047e-52,-7.901934021e-05,1.3720089e-26,-0.0001554738379,1.187554728e-13
22.0530615,-1.735871599e-05,2.035594968e-125,-4.107879156e-05,8.756525147e-51,-7.923277548e-05,7.972619622e-26,-0.0001558470528,2.826632211e-13
22.57603479,-1.689950887e-05,1.302307094e-121,-4.034806105e-05,2.871709221e-49,-7.842009354e-05,4.508382096e-25,-0.0001552803017,6.637799968e-13
23.11141002,-1.585432856e-05,7.26443329e-118,-3.880402323e-05,8.916614027e-48,-7.680382073e-05,2.480956481e-24,-0.0001540231028,1.53787595e-12
23.65948132,-1.425367621e-05,3.533131635e-114,-3.676106472e-05,2.621281872e-46,-7.4714307e-05,1.328616625e-23,-0.00015230471,3.5153128e-12
24.22054975,-1.409022664e-05,1.498274049e-110,-3.610428753e-05,7.296008052e-45,-7.401758396e-05,6.924139849e-23,-0.0001519828742,7.927852379e-12
24.79492353,-1.348100707e-05,5.539873554e-107,-3.52349748e-05,1.922730683e-43,-7.322329675e-05,3.511731178e-22,-0.0001515815369,1.764004056e-11
25.3829182,-1.361354572e-05,1.786033451e-103,-3.531742773e-05,4.797523531e-42,-7.351171674e-05,1.733284404e-21,-0.0001522942062,3.87257421e-11
25.98485676,-1.339877293e-05,5.020704449e-100,-3.542034071e-05,1.133405732e-40,-7.394589409e-05,8.32560047e-21,-0.0001531263942,8.388029214e-11
26.60106988,-1.450278823e-05,1.23063557e-96,-3.696740796e-05,2.535290169e-39,-7.591127853e-05,3.891909315e-20,-0.0001555016864,1.792603295e-10
27.23189607,-1.540703703e-05,2.630199257e-93,-3.858071107e-05,5.369680962e-38,-7.807501402e-05,1.770580675e-19,-0.0001580781854,3.779869142e-10
27.87768188,-1.578562968e-05,4.901704298e-90,-3.968107492e-05,1.076843634e-36,-7.97478434e-05,7.839335827e-19,-0.0001601722207,7.863974791e-10
28.53878205,-1.620106206e-05,7.965444118e-87,-4.074295375e-05,2.04477358e-35,-8.131525383e-05,3.377989422e-18,-0.0001621216398,1.614302453e-09
29.21555976,-1.716105315e-05,1.128711001e-83,-4.221936824e-05,3.676474575e-34,-8.321287832e-05,1.416634949e-17,-0.0001643787982,3.269716159e-09
29.9083868,-1.829460566e-05,1.394669017e-80,-4.378044091e-05,6.259178127e-33,-8.516438039e-05,5.782075163e-17,-0.0001666860782,6.534655665e-09
30.61764375,-1.785404252e-05,1.502731083e-77,-4.353982526e-05,1.009040082e-31,-8.521773666e-05,2.296896314e-16,-0.0001670920959,1.288630151e-08
31.34372025,-1.680182284e-05,1.411950778e-74,-4.232490529e-05,1.540320842e-30,-8.412945945e-05,8.880491601e-16,-0.0001663225624,2.507451239e-08
32.08701515,-1.686148177e-05,1.156892092e-71,-4.23276155e-05,2.226549253e-29,-8.416209518e-05,3.3417735e-15,-0.0001665478274,4.814390714e-08
32.84793679,-1.73740945e-05,8.266247671e-69,-4.269057932e-05,3.047746463e-28,-8.446347417e-05,1.223962735e-14,-0.0001669947673,9.121392008e-08
33.62690316,-1.761503191e-05,5.15079127e-66,-4.283429652e-05,3.95055657e-27,-8.453224407e-05,4.363326937e-14,-0.0001671515213,1.705291105e-07
34.42434219,-1.657043725e-05,2.798966306e-63,-4.142317661e-05,4.849295234e-26,-8.298229972e-05,1.514025926e-13,-0.0001656811796,3.146013517e-07
35.24069194,-1.663876882e-05,1.326442145e-60,-4.142933521e-05,5.637003895e-25,-8.29150536e-05,5.113555216e-13,-0.0001655186437,5.727363145e-07
36.07640087,-1.631679812e-05,5.482204108e-58,-4.094517718e-05,6.205495124e-24,-8.233644634e-05,1.681106591e-12,-0.0001646621029,1.028937e-06
36.93192806,-1.630018685e-05,1.976097167e-55,-4.078954409e-05,6.46952743e-23,-8.213643106e-05,5.379715848e-12,-0.0001638645214,1.824194226e-06
37.80774349,-1.608038854e-05,6.212383405e-53,-4.057473201e-05,6.387736087e-22,-8.193128949e-05,1.675810528e-11,-0.000162496131,3.191614164e-06
38.70432829,-1.634428606e-05,1.703399368e-50,-4.096040548e-05,5.973249212e-21,-8.236495124e-05,5.081621585e-11,-0.0001607976892,5.510817305e-06
39.62217499,-1.641120664e-05,4.073758089e-48,-4.108652247e-05,5.290239297e-20,-8.258479434e-05,1.500039113e-10,-0.0001573515525,9.390697151e-06
40.56178779,-1.644323534e-05,8.497822932e-46,-4.113418849e-05,4.437655732e-19,-8.279520099e-05,4.310597505e-10,-0.0001514101052,1.579306127e-05
41.52368287,-1.608751909e-05,1.546208227e-43,-4.095880851e-05,3.525810965e-18,-8.284577695e-05,1.205922997e-09,-0.0001412495047,2.621395763e-05
42.50838863,-1.648249688e-05,2.454095331e-41,-4.15620614e-05,2.653420649e-17,-8.368782198e-05,3.284447825e-09,-0.0001255069131,4.294459168e-05
43.51644602,-1.66362867e-05,3.397774433e-39,-4.188341554e-05,1.891518111e-16,-8.427783823e-05,8.709240517e-09,-9.968029203e-05,6.943949535e-05
44.54840879,-1.693590647e-05,4.10388526e-37,-4.242313552e-05,1.27728882e-15,-8.514558281e-05,2.248478957e-08,-5.912800337e-05,0.0001108256347
45.60484386,-1.682104933e-05,4.324270286e-35,-4.249460142e-05,8.170717154e-15,-8.553948495e-05,5.652032566e-08,4.422436645e-06,0.0001745917728
46.68633157,-1.738030305e-05,3.975287185e-33,-4.327444012e-05,4.951576154e-14,-8.660938071e-05,1.383393401e-07,0.000100647583,0.0002715016293
47.79346602,-1.778488801e-05,3.188491302e-31,-4.396545125e-05,2.842892287e-13,-8.748536953e-05,3.297093698e-07,0.0002456780123,0.0004167758056
48.9268554,-1.768121968e-05,2.23145502e-29,-4.41452058e-05,1.546444378e-12,-8.76119096e-05,7.652129173e-07,0.0004611403606,0.0006315843416
50.08712234,-1.826088216e-05,1.36271402e-27,-4.5033005e-05,7.970591276e-12,-8.790491357e-05,1.729502823e-06,0.0007748622886,0.0009448821041
51.27490422,-1.834566622e-05,7.262149971e-26,-4.543700143e-05,3.892752711e-11,-8.650488027e-05,3.806910594e-06,0.001227179022,0.001395600932
52.49085353,-1.841941822e-05,3.377558517e-24,-4.582049962e-05,1.801621041e-10,-8.266198047e-05,8.161368988e-06,0.00186916995,0.002035183707
53.73563825,-1.877425652e-05,1.371053774e-22,-4.660815063e-05,7.902120932e-10,-7.45037507e-05,1.704202103e-05,0.002767284322,0.002930405142
55.00994219,-1.906063761e-05,4.858036417e-21,-4.721227512e-05,3.284989945e-09,-5.702477884e-05,3.466396963e-05,0.004007391161,0.004166372055
56.31446538,-1.897918795e-05,1.502681728e-19,-4.73899976e-05,1.294418921e-08,-2.215658545e-05,6.868609356e-05,0.005696337419,0.0058495339
57.64992444,-1.931042127e-05,4.058109355e-18,-4.804925984e-05,4.835157503e-08,4.289400658e-05,0.0001325958818,0.007963976454,0.008110466289
59.017053,-2.001746189e-05,9.56946365e-17,-4.903557981e-05,1.712342839e-07,0.0001615811668,0.0002494036817,0.01096755011,0.01110612228
60.41660208,-2.043941498e-05,1.970707765e-15,-4.925754023e-05,5.750028681e-07,0.0003731668372,0.0004571220316,0.01489273519,0.01502118725
61.84934051,-2.050011971e-05,3.544863818e-14,-4.822626193e-05,1.831089945e-06,0.0007386502634,0.0008165207127,0.01995203483,0.0200681335
63.31605535,-2.089371353e-05,5.570589949e-13,-4.475129154e-05,5.530675354e-06,0.001351880564,0.001421550463,0.02638367859,0.02648556231
64.81755233,-2.179794767e-05,7.649273731e-12,-3.432021302e-05,1.584719116e-05,0.002353537275,0.002412555029,0.03444861343,0.03453445461
66.35465629,-2.213752224e-05,9.180435509e-11,-4.832089709e-06,4.308425461e-05,0.003947391785,0.003991886505,0.04442511396,0.0444920357
67.92821162,-2.259478436e-05,9.632819973e-10,6.831344088e-05,0.0001111667244,0.006414461436,0.006440778722,0.0565973188,0.05664309856
69.53908273,-2.371749026e-05,8.839615108e-09,0.000238442618,0.0002722901256,0.0101304522,0.01013535662,0.07124543615,0.07126882233
71.18815456,-2.479539007e-05,7.096914533e-08,0.0006155718524,0.0006333096796,0.01557949639,0.01555859623,0.088633931,0.088633357
72.87633299,-2.476770811e-05,4.987212659e-07,0.001407638263,0.001399174419,0.0233559546,0.02330413432,0.1089943736,0.1089687055
74.60454543,-2.126997924e-05,3.069234977e-06,0.002983757866,0.002937410877,0.03415500312,0.03406738007,0.1325088999,0.1324586924
76.37374124,-2.486820114e-06,1.655247919e-05,0.005959747344,0.00586253436,0.04874857018,0.04861975268,0.1592959536,0.1592230374
78.18489232,7.649758257e-05,7.828700379e-05,0.0112895889,0.01112895761,0.06793858199,0.06776333742,0.1893945555,0.1893027135
80.03899361,0.0003674920163,0.0003250232268,0.02034188991,0.02010609988,0.09249294849,0.09226590828,0.2227536501,0.2226478409
81.93706364,0.001319597535,0.00118585829,0.03491451981,0.03459420415,0.1230617757,0.1227798976,0.2592216414,0.2591093214
83.88014511,0.004098747371,0.00380765818,0.05714545977,0.05673210339,0.1600893106,0.1597529488,0.2985450023,0.2984352431
85.86930543,0.01129800086,0.01077843413,0.08927493494,0.08875885477,0.2037272499,0.2033413131,0.3403706904,0.3402727902
87.90563732,0.02775687115,0.02695823484,0.1332529114,0.1326261874,0.2537608521,0.2533395676,0.3842506623,0.3841759939
89.99025944,0.06084569519,0.05974383291,0.1902524714,0.1895143114,0.3095733806,0.3091400708,0.4296595172,0.4296191939
92.12431694,0.1191242613,0.117742404,0.2601966937,0.2593623469,0.3701479733,0.3697327837,0.4760119886,0.476015595
94.30898216,0.2089597043,0.2073161861,0.3414816145,0.3405591821,0.4340965603,0.4337507237,0.522682156,0.5227398491
96.54545522,0.3302464665,0.3280914425,0.4306556041,0.4299260259,0.4997253139,0.499559227,0.5690338016,0.5691532247
98.83496471,0.4691569529,0.4702625133,0.5227610527,0.5230510094,0.5652634063,0.5653797537,0.6144455574,0.6146296825
101.1787684,0.6159376579,0.6163732843,0.6143727432,0.6149283658,0.6291031058,0.629432789,0.6583390368,0.658581091
103.5781537,0.745888945,0.7474698209,0.6998977393,0.7007512805,0.6896214424,0.6900808747,0.7001919438,0.7004798982
106.0344388,0.849236213,0.8501619548,0.7759259887,0.7766528006,0.7454605574,0.7459527816,0.7395585775,0.7398778113
108.5489731,0.9196658698,0.9203911743,0.8396564211,0.8402078499,0.7955691346,0.79603331,0.7760831457,0.7764194036
111.1231378,0.9617730304,0.9623216412,0.8901782644,0.8905929253,0.8392977271,0.8397093556,0.8095094612,0.8098500221
113.7583471,0.9837877932,0.9841775076,0.9281058375,0.9284115639,0.8764205351,0.8767703195,0.839682621,0.8400178504
116.4560485,0.9938728155,0.994123015,0.955059444,0.9552873903,0.9070804294,0.9073680412,0.8665484484,0.8668704523
119.2177241,0.9979366101,0.998073946,0.9731967451,0.97337035,0.9317150503,0.9319468275,0.8901436418,0.8904465211
122.044891,0.9993828153,0.9994441255,0.984755489,0.9848897199,0.9509708603,0.9511569762,0.9105833378,0.910863858
124.9391022,0.999839158,0.9998589381,0.991733087,0.99183739,0.9656135783,0.9657652853,0.9280474804,0.9283047819
127.9019476,0.9999677886,0.9999685639,0.9957251938,0.9958047408,0.9764477734,0.9765738513,0.9427669285,0.943000221
130.9350549,1.000000019,0.999993854,0.9978899877,0.9979496684,0.984246935,0.9843548456,0.955003675,0.9552136702
134.0400902,1.000006933,0.9999989467,0.9990031577,0.9990475992,0.989709929,0.9898049018,0.9650384093,0.9652260376
137.2187594,1.000007863,0.9999998419,0.9995459385,0.9995796918,0.9934334217,0.9935191053,0.9731558571,0.9733221756
140.4728085,1.000007444,0.9999999792,0.9997968162,0.9998238373,0.9959032063,0.9959819058,0.9796339362,0.9797796353
143.8040251,1.000007231,0.9999999976,0.9999072656,0.9999298992,0.9974984865,0.9975707874,0.9847354602,0.9848599216
147.2142393,1.000006631,0.9999999998,0.9999529194,0.9999735226,0.9985014308,0.9985681488,0.9886995253,0.9888022913
150.7053244,1.000006661,1,0.999971197,0.9999905099,0.9991167524,0.9991772821,0.9917410615,0.9918199434
154.2791982,1.000007047,1,0.9999791839,0.9999967729,0.9994868347,0.9995392506,0.9940470128,0.9940983104
157.9378239,1.000005159,1,0.9999803961,0.9999989591,0.9997031305,0.9997485306,0.9957724369,0.995795072
161.6832115,1.00000704,1,0.9999839296,0.9999996816,0.9998336149,0.9998662596,0.9970554702,0.9970414812
165.5174183,1.000008908,1,0.9999893383,0.9999999076,0.9999158375,0.999930697,0.9980018638,0.9979445965
169.4425508,1.000002171,1,0.9999864672,0.9999999746,0.999962702,0.9999650125,0.9986870912,0.9985900549
173.4607651,1.000007068,1,0.9999971368,0.9999999934,1.000009774,0.9999827929,0.9991997306,0.9990450808
177.5742686,1.0000172,1,1.000018453,0.9999999984,1.000061841,0.9999917567,0.9995869615,0.9993614882
181.785321,1.000010487,1,1.000027001,0.9999999996,1.000099155,0.9999961535,0.9998636254,0.9995785081
186.0962357,1.000008815,1,1.000045396,0.9999999999,1.000145769,0.9999982519,1.000079975,0.9997253316
190.5093807,1.000026479,1,1.000088558,1,1.000216088,0.9999992263,1.000268837,0.9998233107
195.0271805,1.000056547,1,1.000148246,1,1.00030059,0.9999996665,1.000434277,0.9998878041
199.6521168,1.00009307,1,1.00021494,1,1.000388117,0.99999986,1.000574987,0.9999296775
204.3867303,1.000135588,1,1.000282969,1,1.000471134,0.9999999428,1.000690373,0.9999564942
209.2336219,1.000181581,1,1.000347013,1,1.00054298,0.9999999772,1.000778147,0.9999734342
214.1954543,1.000209978,1,1.000382577,1,1.000578276,0.9999999912,1.000816271,0.9999839894
219.2749531,1.000204005,1,1.000371399,1,1.000558926,0.9999999967,1.000789731,0.9999904766
224.4749088,1.000166884,1,1.000317365,1,1.000489637,0.9999999988,1.000705752,0.9999944093
229.7981778,1.000119195,1,1.000243862,1,1.000395085,0.9999999996,1.000591066,0.999996761
235.2476846,1.000079276,1,1.000174294,1,1.000300499,0.9999999998,1.000472305,0.9999981481
240.8264226,1.000051785,1,1.000117202,1,1.000216362,0.9999999999,1.000361397,0.9999989551
246.5374567,1.000035067,1,1.000074089,1,1.000146196,1,1.000263274,0.9999994181
252.383924,1.000022547,1,1.000039446,1,1.000086117,1,1.000175387,0.9999996803
258.3690363,1.000013158,1,1.000012883,1,1.000036981,1,1.000099709,0.9999998266
264.4960814,1.000005308,1,0.9999923677,1,0.9999974344,1,1.000035701,0.9999999072
270.7684252,0.9999986138,1,0.9999771462,1,0.999967048,1,0.9999835866,0.999999951
277.1895134,0.9999953652,1,0.9999687251,1,0.9999471993,1,0.9999451157,0.9999999745
283.7628732,0.9999957711,1,0.9999663915,1,0.9999367819,1,0.9999193394,0.9999999869
290.4921158,0.9999998201,1,0.9999698966,1,0.9999350862,1,0.999905377,0.9999999933
297.3809379,1.000004412,1,0.9999750035,1,0.9999372709,1,0.9998982476,0.9999999967
304.4331236,1.000006345,1,0.999978404,1,0.9999396418,1,0.9998940032,0.9999999984
311.652547,1.00000511,1,0.9999787458,1,0.9999403353,1,0.9998905548,0.9999999992
319.0431742,1.000003972,1,0.9999792402,1,0.9999421668,1,0.9998903562,0.9999999996
326.6090651,1.000004843,1,0.9999818346,1,0.9999467188,1,0.999894498,0.9999999998
334.3543758,1.000008878,1,0.9999877608,1,0.9999549625,1,0.9999035719,0.9999999999
342.2833614,1.00001218,1,0.9999930691,1,0.9999628135,1,0.9999131878,1
350.4003774,1.000012357,1,0.9999952027,1,0.999967635,1,0.9999205542,1
358.7098828,1.000011183,1,0.9999957998,1,0.9999709416,1,0.9999269532,1
367.2164426,1.000010969,1,0.9999972871,1,0.9999750623,1,0.9999344626,1
375.9247296,1.000014161,1,1.000002325,1,0.9999825838,1,0.9999454162,1
384.8395276,1.000017962,1,1.000007868,1,0.9999904112,1,0.9999566246,1
393.965734,1.000019769,1,1.000011356,1,0.9999960251,1,0.9999655342,1
403.3083622,1.000019243,1,1.000011995,1,0.9999985727,1,0.9999712854,1
412.8725443,1.000018337,1,1.00001205,1,1.000000357,1,0.9999761052,1
422.6635346,1.000018658,1,1.000013018,1,1.000002822,1,0.999981376,1
432.6867114,1.000019897,1,1.000014903,1,1.000006019,1,0.9999871043,1
442.9475811,1.000020543,1,1.000016166,1,1.000008433,1,0.9999917904,1
453.4517803,1.000020658,1,1.000016828,1,1.000010122,1,0.9999955458,1
464.2050794,1.000020117,1,1.000016827,1,1.000011065,1,0.9999983615,1
475.2133856,1.000020317,1,1.000017475,1,1.000012556,1,1.000001564,1
486.4827463,1.000020916,1,1.000018597,1,1.000014416,1,1.000004906,1
498.0193521,1.000021996,1,1.0000202,1,1.000016652,1,1.000008418,1
509.8295407,1.000022958,1,1.000021628,1,1.000018627,1,1.000011503,1
521.9197999,1.000023041,1,1.00002203,1,1.00001951,1,1.000013389,1
534.2967712,1.000022764,1,1.000021956,1,1.000019848,1,1.000014625,1
546.967254,1.000022296,1,1.000021563,1,1.000019788,1,1.000015345,1
559.9382087,1.000022479,1,1.000021838,1,1.000020331,1,1.000016543,1
573.2167606,1.000022825,1,1.000022209,1,1.00002091,1,1.00001768,1
586.8102044,1.000022846,1,1.000022332,1,1.000021231,1,1.000018488,1
600.7260073,1.00002241,1,1.000021895,1,1.000020969,1,1.000018679,1
614.9718141,1.000021993,1,1.000021572,1,1.000020821,1,1.000018938,1
629.5554504,1.000022305,1,1.000021974,1,1.000021367,1,1.000019832,1
644.4849276,1.000022925,1,1.000022801,1,1.000022335,1,1.000021093,1
659.7684473,1.000023375,1,1.000023398,1,1.000023051,1,1.000022076,1
675.4144051,1.000023489,1,1.000023645,1,1.000023411,1,1.000022687,1
691.4313962,1.000023296,1,1.000023497,1,1.000023358,1,1.000022869,1
707.8282192,1.000023318,1,1.000023509,1,1.000023446,1,1.000023176,1
724.6138817,1.000023203,1,1.000023363,1,1.000023364,1,1.000023284,1
741.7976047,1.000023141,1,1.00002325,1,1.000023308,1,1.000023412,1
759.3888279,1.000022827,1,1.000022899,1,1.000023016,1,1.000023292,1
777.397215,1.000022719,1,1.000022798,1,1.000022985,1,1.000023434,1
795.8326587,1.000022657,1,1.000022766,1,1.00002303,1,1.000023658,1
814.7052863,1.000022832,1,1.000023027,1,1.000023376,1,1.000024186,1
834.0254654,1.000023123,1,1.00002344,1,1.00002387,1,1.000024847,1
853.8038094,1.000023386,1,1.000023845,1,1.000024361,1,1.000025515,1
874.0511832,1.000023648,1,1.000024189,1,1.000024789,1,1.000026141,1
894.7787097,1.000023587,1,1.00002419,1,1.000024875,1,1.000026442,1
915.9977753,1.000023481,1,1.000024101,1,1.000024862,1,1.000026654,1
937.7200366,1.000023354,1,1.000023973,1,1.000024813,1,1.000026853,1
959.9574264,1.000023448,1,1.000024043,1,1.000024965,1,1.000027281,1
982.7221607,1.000023361,1,1.000023984,1,1.000025006,1,1.000027621,1
1006.026745,1.000023197,1,1.000023841,1,1.000024984,1,1.000027943,1
1029.883982,1.000023158,1,1.000023858,1,1.000025148,1,1.000028489,1
1054.306977,1.000023343,1,1.000024164,1,1.000025624,1,1.000029371,1
1079.309146,1.000023582,1,1.000024537,1,1.000026196,1,1.000030389,1
1104.904225,1.000023721,1,1.000024826,1,1.000026714,1,1.000031387,1
1131.106274,1.000023801,1,1.000025069,1,1.000027209,1,1.00003238,1
1157.929686,1.000023906,1,1.000025327,1,1.000027749,1,1.000033433,1
1185.389197,1.000024125,1,1.0000257,1,1.000028433,1,1.000034623,1
1213.499892,1.000024179,1,1.000025918,1,1.000028998,1,1.000035665,1
1242.277212,1.000024165,1,1.000026056,1,1.000029518,1,1.000036619,1
1271.736968,1.000024162,1,1.000026249,1,1.000030132,1,1.000037573,1
1301.895341,1.000024293,1,1.000026602,1,1.00003094,1,1.000038608,1
1332.768899,1.000024431,1,1.000027024,1,1.000031842,1,1.000039575,1
1364.374603,1.000024565,1,1.000027513,1,1.000032812,1,1.000040409,1
1396.729814,1.000024787,1,1.000028155,1,1.000033899,1,1.000041119,1
1429.852307,1.000025217,1,1.000029084,1,1.00003518,1,1.000041746,1
1463.760277,1.000025697,1,1.000030109,1,1.000036393,1,1.000042011,1
1498.472352,1.000026159,1,1.000031137,1,1.000037358,1,1.00004173,1
1534.0076,1.000026558,1,1.000032047,1,1.000037861,1,1.00004071,1
1570.385541,1.000027026,1,1.000032905,1,1.000037879,1,1.000038962,1
1607.626161,1.000027557,1,1.000033548,1,1.00003719,1,1.000036337,1
1645.749917,1.000028124,1,1.000033739,1,1.000035551,1,1.000032683,1
1684.777752,1.000028697,1,1.00003318,1,1.000032723,1,1.000027867,1
1724.731105,1.000029265,1,1.000031606,1,1.000028588,1,1.000021886,1
1765.631924,1.000029488,1,1.000028589,1,1.000022946,1,1.000014653,1
1807.502679,1.000028404,1,1.000023435,1,1.000015391,1,1.000005864,1
1850.366369,1.000024721,1,1.000015512,1,1.000005569,1,0.9999952471,1
1894.246543,1.000017093,1,1.000004204,1,0.999993234,1,0.9999826243,1
1939.167306,1.000002734,1,0.9999893169,1,0.999978596,1,0.9999681809,1
1985.153333,0.9999907323,1,0.9999772489,1,0.9999671446,1,0.9999572412,1
