S,gamma_DPG_tau01,gamma_exact_tau01,gamma_DPG_tau025,gamma_exact_tau025,gamma_DPG_tau05,gamma_exact_tau05,gamma_DPG_tau10,gamma_exact_tau10
5.037394258,1.805482443e-06,0,1.782029441e-06,8.984237235e-192,1.120972205e-06,5.631930285e-95,-4.463462117e-07,1.158810974e-46
5.15685262,7.63844586e-06,0,6.680317536e-06,9.021238033e-189,6.16601794e-06,1.728040502e-93,5.000886726e-06,6.215343059e-46
5.279143855,4.461978009e-06,0,7.890062983e-07,8.574218858e-186,2.14527013e-07,5.158486644e-92,-4.608348043e-07,3.288164097e-45
5.404335144,-9.957969181e-06,0,-1.457719173e-05,7.713766331e-183,-1.528975494e-05,1.498174667e-90,-1.602232093e-05,1.715843738e-44
5.532495259,-7.617722003e-06,0,-8.843954464e-06,6.568737163e-180,-8.919533823e-06,4.233254063e-89,-9.988033853e-06,8.831568833e-44
5.663694603,4.868848318e-06,0,7.620062172e-06,5.294692979e-177,8.57529754e-06,1.163745365e-87,7.114074516e-06,4.483672212e-43
5.79800525,5.606630133e-06,0,8.814079885e-06,4.039644716e-174,9.828053175e-06,3.112528526e-86,7.747811471e-06,2.245255273e-42
5.935500982,-2.822293922e-06,0,-2.862207598e-07,2.917353466e-171,-2.798938012e-08,8.099169023e-85,-2.660528216e-06,1.109004907e-41
6.076257332,3.380815204e-06,0,5.587631678e-06,1.994244594e-168,5.307147405e-06,2.05040348e-83,2.367684043e-06,5.403026322e-41
6.220351622,6.548260428e-06,0,8.214693972e-06,1.290361175e-165,7.995923696e-06,5.050215887e-82,4.274955225e-06,2.596429721e-40
6.36786301,-2.301628052e-06,0,-2.001335829e-06,7.902921034e-163,-2.287166101e-06,1.210186498e-80,-7.129893186e-06,1.230699242e-39
6.518872529,-5.374916909e-06,0,-6.915255855e-06,4.581497874e-160,-7.92079523e-06,2.821411345e-79,-1.371789965e-05,5.753911365e-39
6.673463136,2.660891345e-06,0,-2.010212071e-07,2.514032154e-157,-1.867140537e-06,6.399591595e-78,-8.549702591e-06,2.653446128e-38
6.831719754,1.371342316e-06,0,-1.337909663e-06,1.305802988e-154,-2.97236748e-06,1.412244383e-76,-1.097635823e-05,1.206961049e-37
6.993729319,-4.547322095e-06,0,-6.544529621e-06,6.419895807e-152,-8.100955137e-06,3.032069827e-75,-1.754909759e-05,5.41517016e-37
7.15958083,-1.905481853e-06,0,-3.841068003e-06,2.987595475e-149,-5.896025031e-06,6.333449136e-74,-1.644509246e-05,2.396441511e-36
7.329365397,3.253322286e-07,0,-3.170118436e-07,1.316009722e-146,-2.71886322e-06,1.287102463e-72,-1.457977191e-05,1.046062016e-35
7.503176288,1.173073633e-06,0,2.847026277e-06,5.487062339e-144,3.871679481e-07,2.544823703e-71,-1.31302304e-05,4.503849859e-35
7.681108986,7.945948795e-07,0,2.942558105e-06,2.165529889e-141,-1.320661139e-07,4.895240429e-70,-1.483442759e-05,1.912697319e-34
7.863261237,2.437950726e-06,0,2.514419624e-06,8.089691534e-139,-1.765274741e-06,9.161405338e-69,-1.698630816e-05,8.012065047e-34
8.049733103,-2.71194413e-06,0,-3.164586647e-06,2.860508438e-136,-8.40147888e-06,1.668099361e-67,-2.447104537e-05,3.310385393e-33
8.240627022,-2.213951373e-06,0,-2.683283408e-06,9.57410081e-134,-9.108465208e-06,2.954972742e-66,-2.616334672e-05,1.3491136e-32
8.436047861,1.946665697e-06,0,-1.280484184e-07,3.033166498e-131,-8.182955053e-06,5.092801955e-65,-2.544498179e-05,5.423184211e-32
8.636102971,8.589864955e-07,0,-3.766790845e-06,9.095739139e-129,-1.304625375e-05,8.5394882e-64,-2.962826066e-05,2.150285199e-31
8.840902251,-4.981077507e-06,8.85566228e-318,-1.048779984e-05,2.581803791e-126,-2.014592508e-05,1.393088295e-62,-3.600390742e-05,8.409567244e-31
9.050558206,-3.870463566e-06,1.154199743e-311,-9.480345443e-06,6.936684841e-124,-1.947866546e-05,2.211043005e-61,-3.475674177e-05,3.244046737e-30
9.265186008,1.251620791e-06,1.311290697e-305,-5.453066944e-06,1.764103998e-121,-1.590811142e-05,3.414188395e-60,-3.021647587e-05,1.234344625e-29
9.484903563,-1.192858106e-06,1.298600949e-299,-8.376237812e-06,4.246585735e-119,-1.851235682e-05,5.129198655e-59,-3.147581799e-05,4.632566166e-29
9.709831569,-5.402649872e-06,1.121014372e-293,-1.227091484e-05,9.676072207e-117,-2.146596355e-05,7.496927371e-58,-3.29681369e-05,1.714915417e-28
9.940093589,-6.374010082e-06,8.435394038e-288,-1.305237858e-05,2.086900755e-114,-2.133676652e-05,1.066077636e-56,-3.141591461e-05,6.261806616e-28
10.17581612,-4.809869946e-06,5.532969767e-282,-1.177055444e-05,4.260376529e-112,-1.92277401e-05,1.474911997e-55,-2.796161378e-05,2.255238467e-27
10.41712864,-7.14555685e-06,3.163515371e-276,-1.309885745e-05,8.232612273e-110,-1.959911942e-05,1.985249656e-54,-2.746070238e-05,8.011635141e-27
10.66416373,-6.651969166e-06,1.576668277e-270,-1.189231689e-05,1.505812273e-107,-1.781356597e-05,2.599775798e-53,-2.509600493e-05,2.807279977e-26
10.91705708,-6.507542389e-06,6.849666698e-265,-1.231890071e-05,2.607038799e-105,-1.796457561e-05,3.312290425e-52,-2.447842352e-05,9.702556181e-26
11.17594763,-8.433566052e-06,2.593924183e-259,-1.450683012e-05,4.272358109e-103,-1.961778516e-05,4.10575157e-51,-2.531079135e-05,3.307672306e-25
11.44097759,-7.298881081e-06,8.5625643e-254,-1.213857506e-05,6.627218557e-101,-1.660899423e-05,4.951407521e-50,-2.200516389e-05,1.112230143e-24
11.71229255,-1.689578657e-06,2.463820943e-248,-5.524748131e-06,9.730573334e-99,-9.854337933e-06,5.809468779e-49,-1.532385995e-05,3.688949566e-24
11.99004157,7.417302719e-07,6.179782187e-243,-2.916994882e-06,1.352349854e-96,-7.246783892e-06,6.631563278e-48,-1.253084211e-05,1.206831528e-23
12.27437721,-2.679015759e-06,1.351126223e-237,-5.54069956e-06,1.779029618e-94,-9.369124953e-06,7.364905177e-47,-1.427657835e-05,3.894273507e-23
12.56545568,-3.472498098e-06,2.575001027e-232,-5.308511906e-06,2.215240026e-92,-8.471789199e-06,7.95774736e-46,-1.308626643e-05,1.239487426e-22
12.86343687,-4.893683374e-07,4.277771859e-227,-1.668366354e-06,2.610970067e-90,-4.381646926e-06,8.365364722e-45,-8.790584909e-06,3.891290681e-22
13.16848449,2.013725817e-06,6.194646965e-222,1.128259602e-06,2.912906119e-88,-1.203286802e-06,8.55561749e-44,-5.357697274e-06,1.204983487e-21
13.4807661,4.383331205e-07,7.819414431e-217,2.448523525e-07,3.076058383e-86,-1.53046011e-06,8.513136257e-43,-5.400100442e-06,3.680479384e-21
13.80045325,3.860708085e-07,8.603806431e-212,4.611994658e-07,3.074724101e-84,-8.323147216e-07,8.24137271e-42,-4.328511158e-06,1.108826398e-20
14.12772157,7.177097808e-07,8.252124273e-207,7.661208252e-07,2.909117223e-82,-1.086280567e-07,7.762136429e-41,-3.122706685e-06,3.295024108e-20
14.46275083,3.754194562e-07,6.899214017e-202,6.441166354e-07,2.605312257e-80,2.053193586e-07,7.112703974e-40,-2.302878878e-06,9.658051334e-20
14.80572508,-8.565440403e-07,5.027964513e-197,-3.173341824e-07,2.208522537e-78,-5.344299576e-07,6.34103196e-39,-2.675299884e-06,2.79226283e-19
15.15683274,-2.928616062e-08,3.194063304e-192,4.861628168e-07,1.772096548e-76,1.80305021e-07,5.49992663e-38,-1.787193781e-06,7.962674334e-19
15.51626667,3.020504839e-06,1.768697508e-187,3.433299463e-06,1.345911226e-74,3.067660367e-06,4.641149902e-37,1.271254578e-06,2.239739377e-18
15.88422433,3.370471306e-06,8.537335278e-183,3.753483952e-06,9.6758459e-73,3.58339965e-06,3.810360278e-36,2.198717505e-06,6.214009171e-18
16.26090785,8.868177793e-07,3.592111757e-178,6.338649945e-07,6.584229529e-71,6.782286321e-07,3.043534524e-35,-6.342449954e-08,1.700521657e-17
16.64652417,-2.792276176e-06,1.317455853e-173,-3.574864659e-06,4.240962896e-69,-3.361949728e-06,2.365168953e-34,-3.615880559e-06,4.590165216e-17
17.04128511,-3.575566343e-06,4.211928904e-169,-4.166185522e-06,2.585636531e-67,-3.838696758e-06,1.788207254e-33,-4.009022873e-06,1.222110121e-16
17.44540754,-2.478587318e-06,1.173774638e-164,-2.25999476e-06,1.492155105e-65,-1.959618384e-06,1.315361969e-32,-2.355113112e-06,3.209432431e-16
17.85911346,6.432319794e-07,2.851327744e-160,1.315180289e-06,8.150869773e-64,1.320403877e-06,9.413355395e-32,6.61809795e-07,8.313463718e-16
18.28263013,3.76494498e-06,6.037654917e-156,4.646227268e-06,4.214416285e-62,4.348467038e-06,6.554134897e-31,3.550890148e-06,2.124083805e-15
18.71619021,5.117119644e-06,1.114418117e-151,6.079816581e-06,2.062597087e-60,5.759585326e-06,4.439745154e-30,5.086270317e-06,5.352999002e-15
19.16003187,2.423235567e-06,1.793026751e-147,2.887294805e-06,9.555091724e-59,2.746288827e-06,2.925987414e-29,2.478705064e-06,1.330633797e-14
19.61439893,-2.398804536e-06,2.514687966e-143,-2.918168474e-06,4.189853252e-57,-2.941853202e-06,1.876111352e-28,-2.795219712e-06,3.262539742e-14
20.079541,-4.751141514e-06,3.074256974e-139,-5.968386448e-06,1.739026723e-55,-6.045314038e-06,1.170352036e-27,-5.786911493e-06,7.890216938e-14
20.55571359,-3.527653781e-06,3.276083476e-135,-4.658844157e-06,6.832146822e-54,-4.826948328e-06,7.103071136e-27,-4.746442835e-06,1.882166115e-13
21.04317829,-9.370281884e-07,3.043185883e-131,-1.743348475e-06,2.540689644e-52,-1.908846693e-06,4.194184772e-26,-2.03910494e-06,4.428563025e-13
21.54220288,-3.797056113e-07,2.46411363e-127,-7.505862961e-07,8.94312983e-51,-7.712769582e-07,2.409465432e-25,-1.037434245e-06,1.027788093e-12
22.0530615,2.786135009e-07,1.739208744e-123,4.655430283e-07,2.979689053e-49,5.7963647e-07,1.346683648e-24,1.872027892e-07,2.352773971e-12
22.57603479,1.42144804e-06,1.070043464e-119,2.14935656e-06,9.397143239e-48,2.295042426e-06,7.322885086e-24,1.723392647e-06,5.312423692e-12
23.11141002,2.442051896e-06,5.738651559e-116,3.310727603e-06,2.805202646e-46,3.420368641e-06,3.874097953e-23,2.746413042e-06,1.183153454e-11
23.65948132,1.590513691e-06,2.682730348e-112,2.434080787e-06,7.926402546e-45,2.512070125e-06,1.994025562e-22,1.839469422e-06,2.599113946e-11
24.22054975,6.805006345e-07,1.093208293e-108,1.344048949e-06,2.119978715e-43,1.313153794e-06,9.985333884e-22,6.369087341e-07,5.631776823e-11
24.79492353,4.100945074e-07,3.883180175e-105,6.769452481e-07,5.366984838e-42,4.352038466e-07,4.864813626e-21,-2.678428388e-07,1.203653341e-10
25.3829182,6.910819027e-08,1.202349965e-101,-1.557784152e-07,1.286094046e-40,-6.072587324e-07,2.305905835e-20,-1.298272243e-06,2.537425431e-10
25.98485676,-7.299932552e-07,3.24513656e-98,-1.35449489e-06,2.917148775e-39,-1.969838266e-06,1.063380459e-19,-2.633071253e-06,5.276197253e-10
26.60106988,-1.610425649e-06,7.634731856e-95,-2.5342989e-06,6.263079455e-38,-3.311138545e-06,4.770979258e-19,-3.970838107e-06,1.082142943e-09
27.23189607,-1.004879675e-06,1.565717223e-91,-2.125678722e-06,1.272801726e-36,-3.00527089e-06,2.0825629e-18,-3.658538645e-06,2.189193313e-09
27.87768188,-6.075702444e-07,2.79892717e-88,-1.654499867e-06,2.448370179e-35,-2.479359219e-06,8.844239037e-18,-3.093961064e-06,4.368370513e-09
28.53878205,-1.028063534e-06,4.361426883e-85,-1.897253362e-06,4.457967506e-34,-2.589948565e-06,3.654218924e-17,-3.144216314e-06,8.597866428e-09
29.21555976,-1.528575017e-06,5.924126496e-82,-2.217783758e-06,7.683165842e-33,-2.810392246e-06,1.468927626e-16,-3.332668412e-06,1.669159328e-08
29.9083868,-4.942566736e-07,7.014210247e-79,-9.417816861e-07,1.253392259e-31,-1.429913159e-06,5.744840568e-16,-1.935189123e-06,3.196250187e-08
30.61764375,1.040025105e-06,7.23922316e-76,1.014074895e-06,1.93542925e-30,7.210317131e-07,2.185884992e-15,2.532622602e-07,6.036978263e-08
31.34372025,6.755002496e-07,6.51274207e-73,8.24985268e-07,2.828857585e-29,7.184306677e-07,8.091860404e-15,3.704090804e-07,1.124693877e-07
32.08701515,-3.804449998e-07,5.10733708e-70,-2.43099326e-07,3.913707453e-28,-2.220522858e-07,2.914346605e-14,-4.46880379e-07,2.066735608e-07
32.84793679,-4.893538598e-07,3.491273677e-67,-3.290375782e-07,5.125180042e-27,-2.403738976e-07,1.02118815e-13,-3.920375205e-07,3.746031167e-07
33.62690316,5.098036659e-07,2.080328865e-64,8.039827236e-07,6.352919976e-26,9.395898107e-07,3.48130503e-13,8.332803946e-07,6.697207018e-07
34.42434219,6.049509726e-07,1.080534966e-61,8.705980154e-07,7.453858342e-25,1.002107892e-06,1.1546494e-12,1.011828575e-06,1.181005537e-06
35.24069194,1.535291286e-07,4.892202039e-59,2.893356301e-07,8.27813256e-24,3.909385238e-07,3.72588921e-12,6.168525935e-07,2.054215571e-06
36.07640087,2.001979319e-07,1.930761687e-56,3.782979295e-07,8.702160919e-23,4.603866536e-07,1.169718841e-11,9.780552209e-07,3.52432518e-06
36.93192806,1.36546965e-07,6.64219604e-54,2.139641018e-07,8.658952053e-22,2.340130944e-07,3.5727677e-11,1.251035985e-06,5.964057221e-06
37.80774349,-2.488107105e-08,1.991835348e-51,-9.640113033e-08,8.15543351e-21,-1.289326073e-07,1.061695116e-10,1.730327099e-06,9.955051321e-06
38.70432829,-1.823260366e-07,5.20659636e-49,-2.820665664e-07,7.270633604e-20,-3.601705798e-07,3.069492703e-10,2.835366587e-06,1.639008017e-05
39.62217499,-5.327129921e-08,1.186350764e-46,-9.355951631e-08,6.135372835e-19,-2.316334482e-07,8.633862677e-10,5.053991203e-06,2.661671935e-05
40.56178779,1.702267758e-07,2.356302518e-44,6.716456965e-08,4.900643948e-18,-1.37250348e-07,2.362737174e-09,8.468041627e-06,4.263476228e-05
41.52368287,-2.016927788e-08,4.079507251e-42,-2.198051612e-07,3.705175923e-17,-4.585536868e-07,6.290677737e-09,1.330688432e-05,6.736107963e-05
42.50838863,-2.753802494e-07,6.156630654e-40,-4.639824016e-07,2.651599984e-16,-7.186309484e-07,1.629488149e-08,2.086008699e-05,0.0001049760205
43.51644602,-2.222574098e-07,8.099108561e-38,-4.220909822e-07,1.796183381e-15,-7.145815775e-07,4.106546276e-08,3.253835959e-05,0.0001613641462
44.54840879,-8.847099431e-08,9.28731272e-36,-2.926577792e-07,1.151693276e-14,-6.041218293e-07,1.006871346e-07,4.984813059e-05,0.0002446582453
45.60484386,-2.078637184e-07,9.28328422e-34,-3.981923989e-07,6.989827864e-14,-6.846823086e-07,2.401833998e-07,7.473403067e-05,0.0003658883162
46.68633157,-4.403860545e-07,8.088573832e-32,-6.720437447e-07,4.015499919e-13,-8.890911448e-07,5.574215316e-07,0.000110231716,0.0005397257013
47.79346602,-1.343063717e-07,6.143289616e-30,-3.886437966e-07,2.183515373e-12,-4.474529008e-07,1.258624665e-06,0.0001608966494,0.0007852962616
48.9268554,-2.075263611e-07,4.067136561e-28,-4.654375402e-07,1.123870775e-11,-1.829149552e-07,2.764906707e-06,0.0002307164638,0.001127015356
50.08712234,-2.829781637e-07,2.347119755e-26,-5.501570568e-07,5.475452221e-11,4.71467765e-07,5.909305891e-06,0.0003262447767,0.001595372164
51.27490422,-6.595415599e-08,1.180702469e-24,-3.27613429e-07,2.525033247e-10,2.181164488e-06,1.228751913e-05,0.0004552537598,0.002227563328
52.49085353,-1.741717283e-07,5.177313023e-23,-4.759348991e-07,1.10219313e-09,4.877052707e-06,2.485785715e-05,0.0006258723127,0.003067849015
53.73563825,-2.545441924e-07,1.978914835e-21,-5.524916719e-07,4.553987037e-09,1.017717322e-05,4.89254597e-05,0.0008488074465,0.004167482425
55.00994219,-7.946691249e-08,6.593386189e-20,-3.031792882e-07,1.781022361e-08,2.029882685e-05,9.368668834e-05,0.00113580824,0.005584051888
56.31446538,-9.461566077e-08,1.91491126e-18,-3.170417963e-07,6.593111884e-08,3.78482793e-05,0.0001745390494,0.001498716629,0.007380078582
57.64992444,-3.841777151e-07,4.847831549e-17,-6.088913423e-07,2.310228892e-07,6.798586317e-05,0.0003163581816,0.001950431745,0.009620738273
59.017053,-4.08068395e-07,1.069806217e-15,-4.367261198e-07,7.662369089e-07,0.0001193752484,0.0005578754892,0.002504360694,0.01237062628
60.41660208,-1.704127218e-07,2.057886619e-14,2.857470771e-07,2.405551262e-06,0.0002037466517,0.0009571218628,0.0031721655,0.01568956297
61.84934051,-1.566842115e-07,3.450614937e-13,1.554171861e-06,7.148413331e-06,0.0003375511294,0.001597603261,0.003963141435,0.01962754036
63.31605535,-4.372423643e-07,5.043479753e-12,4.684992085e-06,2.010704212e-05,0.000544060568,0.002594432559,0.004883943415,0.0242190322
64.81755233,-4.093359868e-07,6.425734753e-11,1.313736243e-05,5.353406363e-05,0.000854179694,0.004099091183,0.005937415188,0.02947701911
66.35465629,-2.561632838e-07,7.136315401e-10,3.29941805e-05,0.0001349135983,0.001305486648,0.006300928019,0.007120260803,0.03538720112
67.92821162,-4.961546606e-07,6.908503896e-09,7.639514117e-05,0.0003218286711,0.001941655906,0.009423087052,0.008422339991,0.04190296349
69.53908273,-6.750442416e-07,5.829787256e-08,0.0001678736166,0.0007266699981,0.002811409623,0.01371051076,0.009827353663,0.04894170958
71.18815456,-3.146955617e-07,4.288250384e-07,0.0003503470086,0.001553077827,0.003962993895,0.01940822465,0.01131138947,0.05638315913
72.87633299,1.03191086e-06,2.749579574e-06,0.0006931835685,0.003141902477,0.005437172573,0.02672943216,0.01284249096,0.06407012164
74.60454543,6.370685502e-06,1.536778159e-05,0.001301566407,0.006016385742,0.007260409369,0.03581503673,0.01438253028,0.07181208964
76.37374124,2.730672887e-05,7.487120022e-05,0.002319839749,0.01090491131,0.009435839571,0.04668881107,0.01588830843,0.07939176425
78.18489232,0.0001009422542,0.0003179634055,0.003923916042,0.01870906542,0.01193488849,0.05921503284,0.01731332256,0.08657434502
80.03899361,0.0003313014905,0.001177058948,0.006296335874,0.03038264233,0.01469101192,0.07306726979,0.0186097808,0.09311911698
81.93706364,0.0009713897906,0.003798201631,0.009581389806,0.04670275283,0.0175979422,0.08771735573,0.01973141442,0.09879258662
83.88014511,0.002537586412,0.01068357363,0.01382428093,0.06795210441,0.02051386425,0.1024518791,0.02063684112,0.1033821921
85.86930543,0.005877076026,0.02619472287,0.0189063716,0.09358512683,0.02326958705,0.1164195915,0.02129072807,0.1067094766
87.90563732,0.01202335532,0.05598475701,0.02450343688,0.1219984315,0.02568486095,0.1287075312,0.02166702821,0.1086415907
89.99025944,0.02165781677,0.1043000499,0.03009088003,0.1505376571,0.02758851862,0.1384374511,0.02175119578,0.1091000915
92.12431694,0.03429579036,0.1693783757,0.03501709946,0.1758245643,0.02883333516,0.1448688373,0.02153938672,0.1080662265
94.30898216,0.04775290701,0.2397674035,0.03855543519,0.1943826231,0.02930859259,0.1474918764,0.02104024057,0.105582206
96.54545522,0.05748967116,0.2958564526,0.04005305723,0.2034130533,0.02898085542,0.1460941993,0.02027480228,0.1017483439
98.83496471,0.06166023814,0.3182223512,0.03965135394,0.2014854505,0.02792338616,0.1407892808,0.0192745952,0.096716337
101.1787684,0.05834302463,0.2983589318,0.03734548359,0.1889087412,0.02621823342,0.1320012226,0.0180777925,0.09067930927
103.5781537,0.04804662019,0.2438406661,0.033271048,0.1676501356,0.02396321005,0.1204087542,0.01672674064,0.08385953303
106.0344388,0.03495941239,0.1737128548,0.02811582377,0.1408313219,0.02131392916,0.1068587078,0.01526734248,0.07649491193
108.5489731,0.02211504712,0.1078739317,0.02245215848,0.1119793891,0.01844030671,0.09226426342,0.01374631987,0.06882536625
111.1231378,0.01230894991,0.05839286545,0.01697889547,0.08427920376,0.01552036784,0.07750484742,0.01220865991,0.06108019097
113.7583471,0.006019186657,0.02755254979,0.0121661852,0.06004076891,0.01271026381,0.06334261055,0.0106956576,0.05346728284
116.4560485,0.002591654091,0.01133241664,0.008259350302,0.04048699634,0.01012835614,0.05036569096,0.009242999739,0.04616488043
119.2177241,0.0009858928359,0.004062954881,0.005313451811,0.02584213334,0.007853223859,0.03896237127,0.007879071508,0.0393161686
122.044891,0.0003325331499,0.00126975577,0.003239838691,0.01561293887,0.005924888691,0.02932430381,0.00662494915,0.03302680296
124.9391022,9.987496287e-05,0.0003459052227,0.001872903996,0.008928622204,0.004349780924,0.02147245918,0.0054948403,0.02736514508
127.9019476,2.68282641e-05,8.213963575e-05,0.001026842764,0.00483312165,0.003107655707,0.01529704722,0.004495731694,0.02236479118
130.9350549,6.377240686e-06,1.700227964e-05,0.000534031893,0.002476364089,0.002160613786,0.01060242416,0.003628374605,0.01802884117
134.0400902,1.248378865e-06,3.06775213e-06,0.0002635309787,0.001201004847,0.00146195397,0.007149480527,0.002888770814,0.01433529555
137.2187594,7.936466257e-08,4.824942105e-07,0.0001233784058,0.0005513387463,0.0009627776417,0.004690461186,0.002268951682,0.01124297804
140.4728085,-9.605785947e-08,6.61489075e-08,5.48690256e-05,0.0002395718354,0.0006172970084,0.002993838377,0.001758410903,0.008697450111
143.8040251,-1.205988116e-07,7.905183839e-09,2.315579753e-05,9.853635601e-05,0.0003854114258,0.001859143453,0.001344757416,0.006636489372
147.2142393,-8.259797203e-08,8.234931697e-10,9.263684476e-06,3.836195455e-05,0.0002344871249,0.001123231302,0.001015113393,0.004994830248
150.7053244,5.896090924e-08,7.477677962e-11,3.717570811e-06,1.413671319e-05,0.0001394776612,0.0006602330185,0.000756902852,0.003707993258
154.2791982,-2.076478612e-07,5.918780616e-12,1.271899518e-06,4.931052873e-06,8.107545237e-05,0.0003775696068,0.0005573972529,0.002715144899
157.9378239,-9.835626234e-10,4.083724702e-13,6.40963181e-07,1.628074833e-06,4.683679019e-05,0.0002100721892,0.0004063279318,0.001961024231
161.6832115,4.945536155e-07,2.456062421e-14,1.179776713e-06,5.088063918e-07,2.806311191e-05,0.0001137134512,0.0002941353847,0.001397039809
165.5174183,-6.27414321e-07,1.28760031e-15,3.270307683e-07,1.505130808e-07,1.66363415e-05,5.98862151e-05,0.0002102783448,0.0009816812041
169.4425508,-2.316052127e-07,5.884119357e-17,9.817623534e-07,4.21443562e-08,1.182576705e-05,3.068411748e-05,0.0001508012765,0.0006804058564
173.4607651,1.848115524e-06,2.343908229e-18,3.9334596e-06,1.116986937e-08,1.21916601e-05,1.52957985e-05,0.0001106617637,0.0004651590589
177.5742686,4.107045957e-07,8.138764141e-20,3.587491467e-06,2.802207272e-09,1.073700786e-05,7.418266245e-06,7.975137761e-05,0.0003136684199
181.785321,-9.838976897e-07,2.463400647e-21,3.161569505e-06,6.654200906e-10,9.848362788e-06,3.500293203e-06,5.785202409e-05,0.0002086296273
186.0962357,1.833149237e-06,6.499356633e-23,7.056024446e-06,1.495667491e-10,1.340360109e-05,1.606860514e-06,4.644757245e-05,0.0001368727651
190.5093807,5.344545716e-06,1.494735724e-24,1.151613314e-05,3.182128334e-11,1.733542652e-05,7.176681602e-07,3.967131785e-05,8.85714945e-05
195.0271805,7.283413767e-06,2.99652006e-26,1.382313817e-05,6.408314519e-12,1.881588157e-05,3.118465363e-07,3.348567143e-05,5.653361765e-05
199.6521168,8.444955609e-06,5.236350316e-28,1.43941982e-05,1.221556161e-12,1.822131587e-05,1.31834755e-07,2.736203999e-05,3.559225096e-05
204.3867303,9.23777713e-06,7.976253103e-30,1.378424244e-05,2.20407592e-13,1.616269524e-05,5.42238879e-08,2.120329821e-05,2.210242906e-05
209.2336219,7.584066282e-06,1.059077859e-31,1.015503501e-05,3.764290682e-14,1.092316858e-05,2.169817147e-08,1.28353286e-05,1.353818451e-05
214.1954543,2.233087016e-06,1.225788605e-33,2.428580429e-06,6.085317567e-15,1.588061893e-06,8.447483766e-09,1.153613553e-06,8.179311062e-06
219.2749531,-4.192279513e-06,1.236693277e-35,-6.343929719e-06,9.311654065e-16,-8.622912716e-06,3.199656379e-09,-1.075147797e-05,4.874262275e-06
224.4749088,-8.059228616e-06,1.087594866e-37,-1.211963432e-05,1.348695508e-16,-1.55694898e-05,1.179101145e-09,-1.887868155e-05,2.865081207e-06
229.7981778,-8.132336783e-06,8.337407464e-40,-1.328080354e-05,1.849032225e-17,-1.755706307e-05,4.227372594e-10,-2.167009743e-05,1.661119402e-06
235.2476846,-6.112542733e-06,5.571262657e-42,-1.148500751e-05,2.399487772e-18,-1.620595383e-05,1.474557593e-10,-2.082549989e-05,9.499497631e-07
240.8264226,-3.915811425e-06,3.245151448e-44,-8.875668561e-06,2.947379738e-19,-1.366749493e-05,5.004085227e-11,-1.851503686e-05,5.358414427e-07
246.5374567,-2.52978392e-06,1.647688212e-46,-6.727763993e-06,3.426866118e-20,-1.126932347e-05,1.652187764e-11,-1.609431819e-05,2.98131478e-07
252.383924,-1.851772761e-06,7.292456188e-49,-5.173087963e-06,3.771391981e-21,-9.230761172e-06,5.30720485e-12,-1.382449178e-05,1.636120325e-07
258.3690363,-1.423282663e-06,2.813399148e-51,-3.88688325e-06,3.928707542e-22,-7.3217422e-06,1.65860911e-12,-1.153271356e-05,8.856426425e-08
264.4960814,-1.172956916e-06,9.461230072e-54,-2.882178453e-06,3.873835899e-23,-5.640067168e-06,5.043058286e-13,-9.365162484e-06,4.728655458e-08
270.7684252,-7.83288852e-07,2.773464328e-56,-1.86258487e-06,3.615565468e-24,-3.957564552e-06,1.491817422e-13,-7.136419266e-06,2.490305895e-08
277.1895134,-2.187582385e-07,7.086899831e-59,-8.2763884e-07,3.194145769e-25,-2.329160135e-06,4.29347667e-14,-4.944201858e-06,1.293610687e-08
283.7628732,3.348892935e-07,1.578515073e-61,8.806872481e-08,2.671017451e-26,-9.105855891e-07,1.202193252e-14,-2.98728909e-06,6.628120048e-09
290.4921158,6.345248512e-07,3.064784207e-64,6.3239201e-07,2.11418122e-27,3.591075967e-08,3.27499929e-15,-1.548812348e-06,3.349754735e-09
297.3809379,4.680073459e-07,5.186922964e-67,6.102422975e-07,1.583985449e-28,3.267757149e-07,8.680003102e-16,-8.158470186e-07,1.669827182e-09
304.4331236,4.887412792e-08,7.652061006e-70,2.622237653e-07,1.123320426e-29,2.147191394e-07,2.23820724e-16,-5.390291314e-07,8.210430253e-10
311.652547,-1.623818906e-07,9.840241988e-73,5.722911857e-08,7.540490828e-31,1.728290317e-07,5.615034876e-17,-2.496213212e-07,3.981953451e-10
319.0431742,-1.780478418e-08,1.103041526e-75,2.065176754e-07,4.791142275e-32,4.268058677e-07,1.370491561e-17,2.636477686e-07,1.90485672e-10
326.6090651,3.204039207e-07,1.077796267e-78,5.564943857e-07,2.881522472e-33,8.357061011e-07,3.254408151e-18,8.631350185e-07,8.988026054e-11
334.3543758,4.680465578e-07,9.179947913e-82,7.16743269e-07,1.640395033e-34,1.026819729e-06,7.518642202e-19,1.192381335e-06,4.183138115e-11
342.2833614,2.168315623e-07,6.815574789e-85,4.63788336e-07,8.83931014e-36,7.897640526e-07,1.689968318e-19,1.058352095e-06,1.920330405e-11
350.4003774,-6.070141457e-08,4.410862173e-88,1.662388592e-07,4.508497052e-37,4.948149922e-07,3.695638253e-20,8.380023935e-07,8.69532032e-12
358.7098828,-8.254979758e-08,2.488302732e-91,1.239543141e-07,2.176650493e-38,4.416767852e-07,7.862706965e-21,8.270908424e-07,3.883569532e-12
367.2164426,1.73020797e-07,1.223606215e-94,3.790562196e-07,9.946930896e-40,6.76291868e-07,1.627520519e-21,1.07250121e-06,1.710852064e-12
375.9247296,3.967781728e-07,5.244919908e-98,6.003871389e-07,4.302620019e-41,8.709530338e-07,3.277574716e-22,1.257552624e-06,7.434122343e-13
384.8395276,3.10844345e-07,1.959723392e-101,5.005884368e-07,1.761653041e-42,7.450393416e-07,6.421706827e-23,1.115127898e-06,3.186271821e-13
393.965734,6.939202969e-08,6.382773322e-105,2.234912165e-07,6.827335641e-44,4.419061194e-07,1.224109009e-23,7.93813976e-07,1.347013084e-13
403.3083622,-7.57151987e-08,1.812102647e-108,3.66920348e-08,2.504526443e-45,2.291015076e-07,2.270186098e-24,5.591125319e-07,5.616899828e-14
412.8725443,-3.022037316e-08,4.484508975e-112,5.283787309e-08,8.696479561e-47,2.195693781e-07,4.096137919e-25,5.213414191e-07,2.310241687e-14
422.6635346,7.872522396e-08,9.673992118e-116,1.439982694e-07,2.858280401e-48,2.857784027e-07,7.19050559e-26,5.551129538e-07,9.372469298e-15
432.6867114,9.294308028e-08,1.819094622e-119,1.551921326e-07,8.892209246e-50,2.765758869e-07,1.228049948e-26,5.134266762e-07,3.750477027e-15
442.9475811,3.663323788e-08,2.981697488e-123,9.270133742e-08,2.618532736e-51,1.975651287e-07,2.040536558e-27,4.065209909e-07,1.480317474e-15
453.4517803,-2.005732974e-08,4.260205984e-127,3.109160155e-08,7.298772602e-53,1.238552763e-07,3.298712562e-28,3.091190622e-07,5.763139004e-16
464.2050794,-1.566691087e-08,5.305866831e-131,2.971992745e-08,1.925684569e-54,1.11845783e-07,5.188195285e-29,2.765353049e-07,2.213090616e-16
475.2133856,3.584680363e-08,5.760243231e-135,7.944431123e-08,4.809101674e-56,1.504040121e-07,7.938892126e-30,2.937644664e-07,8.382531061e-17
486.4827463,7.363375988e-08,5.451098477e-139,1.194782645e-07,1.136805744e-57,1.796048351e-07,1.181885032e-30,3.005656455e-07,3.131749517e-17
498.0193521,8.745848674e-08,4.496617667e-143,1.298248532e-07,2.543618946e-59,1.803575135e-07,1.711836611e-31,2.825707381e-07,1.154076877e-17
509.8295407,4.370679731e-08,3.233304644e-147,7.657920054e-08,5.387178115e-61,1.195798016e-07,2.412243439e-32,2.079823312e-07,4.194868325e-18
521.9197999,-7.923288909e-09,2.026590575e-151,1.340057846e-08,1.079976013e-62,4.992661768e-08,3.307133322e-33,1.275948758e-07,1.503965242e-18
534.2967712,-2.975079313e-08,1.107246051e-155,-1.864899252e-08,2.049322822e-64,1.111239105e-08,4.411172265e-34,7.806536005e-08,5.318548682e-19
546.967254,-1.108851526e-08,5.273281924e-160,-4.586311648e-09,3.680867079e-66,1.881671631e-08,5.724375036e-35,7.481523479e-08,1.855172726e-19
559.9382087,2.017820086e-08,2.189155291e-164,2.461620989e-08,6.257968672e-68,4.273301913e-08,7.227263446e-36,8.897138049e-08,6.382802934e-20
573.2167606,1.365021085e-08,7.921927774e-169,1.837701728e-08,1.007071084e-69,3.350036446e-08,8.877515479e-37,7.23791013e-08,2.166079509e-20
586.8102044,-1.510238948e-08,2.498871455e-173,-1.141078881e-08,1.53401766e-71,2.163610145e-09,1.060915358e-37,3.630481326e-08,7.250587949e-21
600.7260073,-3.03079928e-08,6.870932506e-178,-2.697384507e-08,2.211790987e-73,-1.456263669e-08,1.233507461e-38,1.598574853e-08,2.393910605e-21
614.9718141,-3.628759029e-09,1.646820171e-182,2.728124953e-09,3.018570338e-75,1.380277596e-08,1.395322413e-39,3.999704251e-08,7.796119821e-22
629.5554504,3.158134289e-08,3.440609644e-187,4.164150861e-08,3.899437896e-77,5.129480434e-08,1.535603545e-40,7.298769104e-08,2.504291935e-22
644.4849276,3.540176031e-08,6.265898503e-192,4.714759622e-08,4.768109357e-79,5.573895338e-08,1.644202816e-41,7.427908824e-08,7.934640914e-23
659.7684473,1.823988979e-08,9.946952365e-197,2.72760434e-08,5.518663306e-81,3.479923018e-08,1.712787224e-42,5.155223034e-08,2.479736147e-23
675.4144051,-2.482498996e-09,1.376434183e-201,3.106608558e-09,6.045957377e-83,9.676461863e-09,1.735893943e-43,2.505760625e-08,7.64397998e-24
691.4313962,-5.261943469e-09,1.660273324e-206,-4.186244039e-09,6.269598868e-85,1.065589314e-09,1.711648984e-44,1.507272332e-08,2.324178515e-24
707.8282192,-2.816033481e-09,1.745671249e-211,-4.028935379e-09,6.154006083e-87,1.825594358e-10,1.642018218e-45,1.248703418e-08,6.970361402e-25
724.6138817,-5.232099461e-09,1.599941331e-216,-7.62102501e-09,5.717676485e-89,-4.048960444e-09,1.532544105e-46,6.959089754e-09,2.061944555e-25
741.7976047,-1.080549908e-08,1.278216399e-221,-1.334739125e-08,5.028341066e-91,-9.99380726e-09,1.39161704e-47,2.452935937e-10,6.016370083e-26
759.3888279,-1.185455891e-08,8.901505024e-227,-1.269986306e-08,4.185750794e-93,-9.09185587e-09,1.229414243e-48,6.242730522e-10,1.731521848e-26
777.397215,-4.676972315e-09,5.403575534e-232,-3.648085805e-09,3.298112765e-95,3.696330837e-10,1.056692167e-49,1.002728697e-08,4.915382075e-27
795.8326587,3.046240063e-09,2.859286942e-237,6.13705081e-09,2.459807517e-97,1.050277351e-08,8.8363006e-51,2.015407805e-08,1.376329631e-27
814.7052863,1.220908808e-08,1.318842653e-242,1.764741045e-08,1.7365218e-99,2.201018586e-08,7.188929441e-52,3.114924806e-08,3.801224427e-28
834.0254654,1.416952619e-08,5.302576667e-248,2.091916538e-08,1.160386979e-101,2.517640094e-08,5.690228497e-53,3.398450892e-08,1.035524636e-28
853.8038094,1.31036221e-08,1.858401972e-253,1.871859049e-08,7.33954175e-104,2.296352812e-08,4.381945152e-54,3.231931022e-08,2.782487571e-29
874.0511832,4.904795341e-09,5.677420845e-259,8.408978159e-09,4.394187005e-106,1.256328173e-08,3.283038034e-55,2.262947008e-08,7.374658314e-30
894.7787097,-3.963888304e-09,1.511893665e-264,-2.112382294e-09,2.490185025e-108,1.734330418e-09,2.393076802e-56,1.22194465e-08,1.927908625e-30
915.9977753,-5.419466486e-09,3.509539505e-270,-5.044182024e-09,1.335759251e-110,-1.462170961e-09,1.697106533e-57,9.565600867e-09,4.971264402e-31
937.7200366,-7.617541973e-10,7.101298242e-276,-1.309181093e-09,6.782163504e-113,2.346048396e-09,1.170936434e-58,1.42778897e-08,1.26439611e-31
959.9574264,1.409171245e-10,1.252518355e-281,2.431177049e-10,3.259506205e-115,4.301786948e-09,7.860121863e-60,1.706467141e-08,3.172015587e-32
982.7221607,-5.447493106e-09,1.92570241e-287,-4.383538547e-09,1.482787309e-117,4.113283619e-10,5.133304009e-61,1.435675224e-08,7.849162989e-33
1006.026745,-4.304377572e-09,2.580791848e-293,-2.673335248e-09,6.384830906e-120,3.000591794e-09,3.261643096e-62,1.84042408e-08,1.915787146e-33
1029.883982,3.03057565e-09,3.014918046e-299,6.692785544e-09,2.60233637e-122,1.325583526e-08,2.016265106e-63,2.957660557e-08,4.61218836e-34
1054.306977,8.576568923e-09,3.070130057e-305,1.374682226e-08,1.003970505e-124,2.121284869e-08,1.212636336e-64,3.844511971e-08,1.095223336e-34
1079.309146,7.460647239e-09,2.725189862e-311,1.308224272e-08,3.666249095e-127,2.154626077e-08,7.095536957e-66,3.985408721e-08,2.565276691e-35
1104.904225,4.22969455e-09,2.108605972e-317,1.025676637e-08,1.267262183e-129,1.955822444e-08,4.039352008e-67,3.844266816e-08,5.926545379e-36
1131.106274,3.495622095e-09,1.482196938e-323,9.452260016e-09,4.14624034e-132,1.952099156e-08,2.237226123e-68,3.858445194e-08,1.350532022e-36
1157.929686,5.976779823e-09,0,1.163639609e-08,1.284061906e-134,2.254662798e-08,1.205534957e-69,4.131252551e-08,3.035596413e-37
1185.389197,4.911118532e-09,0,1.063748549e-08,3.764098181e-137,2.246806827e-08,6.320064062e-71,4.017275281e-08,6.730061748e-38
1213.499892,6.980919294e-10,0,6.256930666e-09,1.044430186e-139,1.907700602e-08,3.223553619e-72,3.50913658e-08,1.471736089e-38
1242.277212,-2.924916491e-10,0,5.679998461e-09,2.743098354e-142,1.94648397e-08,1.599631922e-73,3.276103135e-08,3.174510027e-39
1271.736968,2.147845824e-09,0,9.15700543e-09,6.81941052e-145,2.383939935e-08,7.722838834e-75,3.336070792e-08,6.753973305e-40
1301.895341,4.404165626e-09,0,1.269515406e-08,1.604707131e-147,2.802760435e-08,3.627485016e-76,3.280290222e-08,1.417352419e-40
1332.768899,4.360671587e-09,0,1.457291833e-08,3.574277122e-150,2.997256133e-08,1.657700347e-77,2.882117541e-08,2.933811668e-41
1364.374603,5.569298692e-09,0,1.767711999e-08,7.535709564e-153,3.21560312e-08,7.370181369e-79,2.413669217e-08,5.989940201e-42
1396.729814,9.948120474e-09,0,2.400048181e-08,1.503846723e-155,3.615519488e-08,3.188027567e-80,2.042415156e-08,1.206281354e-42
1429.852307,1.357682277e-08,0,2.915664416e-08,2.840707302e-158,3.72038089e-08,1.341645279e-81,1.330840272e-08,2.39613132e-43
1463.760277,1.373157826e-08,0,2.991247729e-08,5.079171683e-161,3.174626968e-08,5.493195948e-83,-2.317931723e-10,4.694706967e-44
1498.472352,1.225858499e-08,0,2.759220769e-08,8.596126338e-164,2.090437002e-08,2.18818593e-84,-1.853092082e-08,9.072818785e-45
1534.0076,1.206033453e-08,0,2.458870705e-08,1.377070511e-166,7.239348577e-09,8.480375782e-86,-3.848731177e-08,1.729465314e-45
1570.385541,1.356879162e-08,0,2.038614319e-08,2.088108485e-169,-9.114796859e-09,3.197552758e-87,-5.939291414e-08,3.251751498e-46
1607.626161,1.45666809e-08,0,1.106869788e-08,2.997046146e-172,-3.088765701e-08,1.172983995e-88,-8.331998537e-08,6.030574882e-47
1645.749917,1.477806592e-08,0,-4.772388103e-09,4.071714261e-175,-5.789688133e-08,4.18637569e-90,-1.097832102e-07,1.103153514e-47
1684.777752,1.444836969e-08,0,-2.700870017e-08,5.236060403e-178,-8.815861235e-08,1.453637302e-91,-1.367012215e-07,1.990439878e-48
1724.731105,9.780852056e-09,0,-5.678041647e-08,6.373463373e-181,-1.209257131e-07,4.91072556e-93,-1.634264651e-07,3.542403664e-49
1765.631924,-1.040101446e-08,0,-9.871668099e-08,7.343275674e-184,-1.594417603e-07,1.614012949e-94,-1.935723872e-07,6.218460865e-50
1807.502679,-5.625701962e-08,0,-1.54326698e-07,8.008435129e-187,-2.050729657e-07,5.161074299e-96,-2.290251766e-07,1.076722121e-50
1850.366369,-1.304053181e-07,0,-2.217009297e-07,8.267019903e-190,-2.554279808e-07,1.605628076e-97,-2.679101866e-07,1.838909e-51
1894.246543,-2.476046657e-07,0,-2.949894169e-07,8.077813017e-193,-3.037491361e-07,4.859835193e-99,-3.047960339e-07,3.097795284e-52
1939.167306,-2.899700383e-07,0,-2.965116773e-07,7.47105787e-196,-2.869913081e-07,1.43109965e-100,-2.792206224e-07,5.147318749e-53
1985.153333,-2.609745574e-07,0,-2.624264373e-07,6.540544373e-199,-2.490189721e-07,4.100057575e-102,-2.378921243e-07,8.436169257e-54
